bookId;cmd_end;cmd_clearver;cmd_set;cmd_cmp;cmd_and;cmd_or;cmd_not;cmd_0x07;cmd_jmp;cmd_je;cmd_jne;cmd_jg;cmd_jge;cmd_jb;cmd_jbe;cmd_add;cmd_sub;cmd_0x11;cmd_0x12;cmd_0x13;cmd_call;cmd_callid;cmd_playoid;cmd_pause;cmd_0x18;cmd_0x19;optype_None;optype_RV;optype_RR;v0;v1;v2;v3;v4;v5;v6;v7;v8;v9;v10;v11;v12;v13;v14;v15;v16;v17;v18;v19;v20;v21;v22;v23;v24;v25;v26;v27;v28;v29;v30;v31;v32;v33;v34;v35;v36;v37;v38;v39;v40;v41;v42;v43;v44;v45;v46;v47;v48;v49;v50;v51;v52;v53;v54;v55;v56;v57;v58;v59;v60;v61;v62;v63;v64;v65;v66;v67;v68;v69;v70;v71;v72;v73;v74;v75;v76;v77;v78;v79;v80;v81;v82;v83;v84;v85;v86;v87;v88;v89;v90;v91;v92;v93;v94;v95;v96;v97;v98;v99;minRegisterIndex;maxRegisterIndex;Name;Publisher;Author;Book Version;URL;ThumbMD5;FileMD5;ScriptMD5;Book Area Code
00010;4;0;3;0;0;0;0;0;0;0;0;0;0;0;0;0;0;0;0;0;0;0;4;0;0;0;0;7;0;0;3;0;0;0;0;0;0;0;0;0;0;0;0;0;0;0;0;0;0;0;0;0;0;0;0;0;0;0;0;0;0;0;0;0;0;0;0;0;0;0;0;0;0;0;0;0;0;0;0;0;0;0;0;0;0;0;0;0;0;0;0;0;0;0;0;0;0;0;0;0;0;0;0;0;0;0;0;0;0;0;0;0;0;0;0;0;0;0;0;0;0;0;0;0;0;0;0;0;0;1;1;Stinova OPENURL Test;Stinova;Stinova;707;;1fe8cd90e4dad2a89077cfd1b86a09c1;c279939d7c0daee787927b48a22dc8f7;3ecde827a9be3e7478c6f5ad6c9c32c3;en
00015;21;3;38;30;0;0;0;0;34;25;0;0;0;5;0;4;1;0;0;0;2;0;112;4;0;0;69;177;12;0;39;0;0;0;0;0;0;0;0;0;0;0;0;2;0;0;0;0;0;0;0;0;0;0;0;0;0;0;0;0;0;0;0;0;0;0;0;0;0;0;0;0;0;0;0;0;0;0;0;0;0;0;0;0;0;0;0;0;0;0;0;0;0;0;0;0;0;0;0;0;0;0;0;0;0;0;0;0;0;0;0;0;0;0;0;0;0;0;0;0;0;0;4;10;3;7;6;1;3;1;99;Codelet Test;Himmer AG Druckerei;Himmer AG Druckerei;267;;a2440a2a17465873c8b9b6e87b40b7c7;f50c59f448e51bfcc630c6ed58ecf0ba;5095330c221890055c3855e8270407e8;en
00018;13;8;13;0;0;0;0;0;0;0;0;0;0;0;0;5;0;0;0;0;0;0;18;0;0;0;8;26;10;13;10;0;0;0;0;0;0;0;0;0;0;0;0;0;0;0;0;0;0;0;0;0;0;0;0;0;0;0;0;0;0;0;0;0;0;0;0;0;0;0;0;0;0;0;0;0;0;0;0;0;0;0;0;0;0;0;0;0;0;0;0;0;0;0;0;0;0;0;0;0;0;0;0;0;0;0;0;0;0;0;0;0;0;0;0;0;0;0;0;0;0;0;0;0;0;0;0;0;0;0;1;tecnodidattica demo;tecnodidattica;tecnodidattica;1633;;10b3c7d3a752e91165a8719c1fc5c61a;5361a20cb5ec87cf73e6b39b8c9affe0;;en
00022;129;2;373;4636;2;0;0;0;4599;397;0;4217;4;16;2;197;4105;0;0;0;7;0;8569;0;0;0;9244;17487;395;8500;37;37;37;37;37;37;38;36;16;2;242;27;11;4;9;57;16;10;105;7;29;7;9;13;1;1;1;1;1;1;1;1;1;1;1;1;1;1;1;1;1;1;1;1;1;1;1;1;1;1;1;1;1;1;1;1;1;1;1;1;1;1;1;1;1;1;1;1;1;1;1;1;1;1;1;1;1;1;1;1;1;1;1;1;1;1;1;1;1;1;1;1;1;1;1;4;8;6;2;0;99;Ting Testspiel;Ting Co. Ltd.;Hannes Eisele;166;;708914c113b7e464b5ef7c96a3495f8b;0c8011a3f806a18dd9f4429e0c100f20;;en
00023;129;2;373;4636;2;0;0;0;4599;397;0;4217;4;16;2;197;4105;0;0;0;7;0;8569;0;0;0;9244;17487;395;8500;37;37;37;37;37;37;38;36;16;2;242;27;11;4;9;57;16;10;105;7;29;7;9;13;1;1;1;1;1;1;1;1;1;1;1;1;1;1;1;1;1;1;1;1;1;1;1;1;1;1;1;1;1;1;1;1;1;1;1;1;1;1;1;1;1;1;1;1;1;1;1;1;1;1;1;1;1;1;1;1;1;1;1;1;1;1;1;1;1;1;1;1;1;1;1;4;8;6;2;0;99;Ting Testspiel Englisch;Himmer AG Druckerei;Hannes Eisele;175;;708914c113b7e464b5ef7c96a3495f8b;257646ae4530efc292b72ec753b5a965;;en
00024;10000;0;10000;420000;0;0;0;0;430000;10000;0;410000;0;0;0;10000;410000;0;0;0;0;0;830000;0;0;0;850000;1660000;20000;850000;0;0;0;0;0;0;0;0;0;0;0;0;0;0;0;0;0;0;0;0;0;0;0;0;0;0;0;0;0;0;0;0;0;0;0;0;0;0;0;0;0;0;0;0;0;0;0;0;0;0;0;0;0;0;0;0;0;0;0;0;0;0;0;0;0;0;0;0;0;0;0;0;0;0;0;0;0;0;0;0;0;0;0;0;0;0;0;0;0;0;0;0;0;0;10000;0;0;0;0;0;95;TESTPEN;Himmer AG Druckerei;Hannes Eisele;168;;7ce755daa2c7ff6c7e7b3c47167191da;191c025c0961fde5fdeeeca70479c245;;en
00035;30;1;44;131;6;6;6;0;39;28;98;0;1;0;4;13;20;0;0;0;5;3;103;0;0;0;176;300;32;11;13;16;16;11;6;1;1;1;1;1;1;1;1;1;1;1;1;1;1;1;1;1;1;1;1;1;1;1;1;1;1;1;1;1;1;1;1;1;0;1;1;1;1;1;1;1;1;1;1;1;1;1;1;1;1;1;1;1;1;1;1;1;1;1;1;1;1;1;7;7;1;1;1;1;1;1;1;1;1;16;1;1;1;1;1;1;1;9;5;0;0;2;8;23;1;2;2;1;2;0;99;Firmware Testbook;Stinova;Stinova;1325;;051f17ca29e9c8589db2d3f68c099ba8;b43a0ebaf6130a3d5ac5d73dff682f72;;en
00038;1;0;10;0;0;0;0;0;0;0;0;0;0;0;0;0;0;0;0;0;0;0;2;0;0;1;1;12;0;0;1;1;1;1;1;0;0;0;0;1;0;0;0;0;0;0;0;0;0;1;0;0;0;0;0;0;0;0;0;1;0;0;0;0;0;0;0;0;0;1;0;0;0;0;0;0;0;0;0;1;0;0;0;0;0;0;0;0;0;0;0;0;0;0;0;0;0;0;0;0;0;0;0;0;0;0;0;0;0;0;0;0;0;0;0;0;0;0;0;0;0;0;0;0;0;0;0;0;0;1;50;Dump Test;Himmer AG;Tim Mager;401;;4a4292cb908b6fbe1045ffc19722d941;8495915d2c9fb2186c117a9494ea5ba6;;en
00041;805;955;22197;31872;0;0;0;0;20638;14578;904;0;65;0;16325;15280;1434;0;0;0;28;0;5290;0;0;0;53493;52888;23185;0;776;775;776;774;775;774;775;775;778;775;774;772;680;680;597;432;287;287;99;99;99;99;99;99;99;0;0;0;0;17944;816;0;0;0;0;0;0;0;0;402;744;0;0;0;0;0;0;0;0;0;0;0;0;0;0;0;0;0;0;0;0;0;0;0;0;0;0;0;0;61;0;0;0;0;0;0;0;0;0;679;679;0;0;0;0;0;32650;0;0;0;0;2181;0;0;0;10;363;1529;1451;1;99;Testaktivierung Langenscheidt;Langenscheidt;Langenscheidt;549;;7960979e9d1888fe08d81f13f1ad5ffd;2c10d5d5e0b96c1f787cd1c63f615df5;;en
00050;78;0;367;415;0;0;0;0;255;349;192;0;0;66;0;19;0;0;0;0;0;0;425;0;0;0;862;1214;12;0;207;9;12;12;12;12;12;12;12;12;12;12;12;12;12;12;12;12;12;12;15;54;19;43;8;8;8;8;8;8;16;28;13;13;13;13;6;13;16;11;11;11;0;0;0;0;0;0;0;0;0;0;0;0;0;0;0;0;0;0;0;0;0;0;0;0;0;0;0;0;0;0;0;0;0;0;0;0;0;0;0;0;0;0;0;0;0;0;0;0;0;0;0;0;0;10;7;6;3;1;99;Bremen Map;tingplus;Dörte Brockmann;1030;;e524cd675a415ed2f320f8d3fb4c1be7;3adc287f42e7494523d884c316a15311;;en
00051;6;0;6;6;0;0;0;0;6;6;0;0;0;0;0;0;0;0;0;0;0;0;9;0;0;0;12;21;0;12;0;0;0;0;0;0;0;0;0;0;0;0;0;0;0;0;0;0;0;0;0;0;0;0;0;0;0;0;0;0;0;0;0;0;0;0;0;0;0;0;0;0;0;0;0;0;0;0;0;0;0;0;0;0;0;0;0;0;0;0;0;0;0;0;0;0;0;0;0;0;0;0;0;0;0;0;0;0;0;0;0;0;0;0;0;0;0;0;0;0;0;0;0;0;0;0;0;0;0;0;0;Museumsdemo;Ascan Möller;Ascan Möller;984;;380c3273b8bb151e9c8f758d6419a2f9;f7eeae036d95e859bfa22f9880137f77;;en
05045;158;86;419;494;0;0;0;0;409;460;34;0;0;0;0;16;0;0;0;0;0;0;323;0;0;0;989;1252;0;0;9;2;2;2;2;2;2;2;2;9;14;14;14;14;14;14;14;14;14;14;14;14;14;14;26;10;10;10;10;10;10;10;10;10;10;9;2;2;2;2;2;2;2;2;6;7;7;7;7;7;6;14;14;14;14;14;14;14;14;14;14;14;14;14;14;34;9;9;9;9;9;8;9;9;9;10;0;10;10;10;10;10;10;10;10;10;51;10;6;6;6;6;6;0;0;0;0;0;0;1;93;Bauernhof Rätsel;arsEdition;Corina Beurenmeister;255;;963091a6d6854ddb7c89cd9b532ba22a;66287f1f855aa1dbd53a56f5155a91fe;9b28c79405e513dabad4094a1869aa21;en
05046;137;86;235;373;0;0;0;0;342;374;0;0;0;0;0;11;0;0;0;0;0;0;272;0;0;0;802;891;0;0;6;6;6;6;33;2;2;2;2;2;6;7;7;7;7;7;7;7;7;7;7;7;6;7;2;2;2;2;2;2;12;12;12;12;12;12;12;12;12;12;12;12;14;14;14;14;14;14;14;14;14;14;14;14;14;14;6;6;6;6;6;6;6;6;6;6;6;9;9;5;5;5;5;0;0;0;0;0;0;0;0;0;0;0;0;0;0;0;0;0;0;0;0;0;0;0;0;0;0;1;73;Baustellen-Rätsel;arsEdition;Corina Beurenmeister;206;;c61c4b43c49fb63d92c29d09fce289ba;60b90a1c9bf3d111197d3b9c45f40fb8;1d77609463cd1182e313ea1435ba8c7c;en
05066;1441;1;2784;1218;0;0;0;0;980;364;168;364;42;280;0;602;798;0;0;0;112;0;1496;14;0;0;2311;6156;756;0;1636;168;56;42;42;56;140;140;420;420;1484;364;0;364;364;0;0;0;0;0;0;0;0;0;0;0;0;0;0;0;0;0;0;0;0;0;0;0;0;0;0;0;0;0;0;0;0;0;0;0;0;0;0;0;0;0;0;0;0;0;0;0;0;0;0;0;0;0;0;0;0;0;0;0;0;0;0;0;0;0;0;0;0;0;0;0;0;0;0;0;0;0;0;0;0;0;0;0;0;1;15;IWW Castles Had Moats;Macmillan;Macmillan;237;;27c128a1f284cd8afdc958bece288322;d1b2dc3da4af4ece5e764103aed996d2;a522ee3f3a9b92baca275ae0267ca235;en
05067;1441;1;2784;1218;0;0;0;0;980;364;168;364;42;280;0;602;798;0;0;0;112;0;1496;14;0;0;2311;6156;756;0;1636;168;56;42;42;56;140;140;420;420;1484;364;0;364;364;0;0;0;0;0;0;0;0;0;0;0;0;0;0;0;0;0;0;0;0;0;0;0;0;0;0;0;0;0;0;0;0;0;0;0;0;0;0;0;0;0;0;0;0;0;0;0;0;0;0;0;0;0;0;0;0;0;0;0;0;0;0;0;0;0;0;0;0;0;0;0;0;0;0;0;0;0;0;0;0;0;0;0;0;1;15;IWW Caterpillars Eat So Much;Macmillan;Macmillan;271;;8645331c24f97a9414c3ea40c9fa13cb;8dad4745b4c7c8ee99aa44f8de204305;3e024cc8fa8658454e21bdfa2032457d;en
05068;1442;1;2785;1218;0;0;0;0;980;364;168;364;42;280;0;602;798;0;0;0;112;0;1497;14;0;0;2311;6158;756;0;1637;168;56;42;42;56;140;140;420;420;1484;364;0;364;364;0;0;0;0;0;0;0;0;0;0;0;0;0;0;0;0;0;0;0;0;0;0;0;0;0;0;0;0;0;0;0;0;0;0;0;0;0;0;0;0;0;0;0;0;0;0;0;0;0;0;0;0;0;0;0;0;0;0;0;0;0;0;0;0;0;0;0;0;0;0;0;0;0;0;0;0;0;0;0;0;0;0;0;0;1;15;IWW Columbus Crossed the Ocean;Macmillan;Macmillan;243;;c1d0628020b6b9b8c5f256f40980a82e;b3de31862db6863f7228bc9c1da93138;4e9368b85036cf7e30253b712c6b391c;en
05069;1441;1;2784;1218;0;0;0;0;980;364;168;364;42;280;0;602;798;0;0;0;112;0;1496;14;0;0;2311;6156;756;0;1636;168;56;42;42;56;140;140;420;420;1484;364;0;364;364;0;0;0;0;0;0;0;0;0;0;0;0;0;0;0;0;0;0;0;0;0;0;0;0;0;0;0;0;0;0;0;0;0;0;0;0;0;0;0;0;0;0;0;0;0;0;0;0;0;0;0;0;0;0;0;0;0;0;0;0;0;0;0;0;0;0;0;0;0;0;0;0;0;0;0;0;0;0;0;0;0;0;0;0;1;15;IWW Kangaroos Have Pouches;Macmillan;Macmillan;217;;e5205e091efe143db6b05c0e76db7a8f;1ea95224a364044147f8a5466e009075;8d274e3dc2eef9ad0904c731c1e877af;en
05070;1441;1;2784;1218;0;0;0;0;980;364;168;364;42;280;0;602;798;0;0;0;112;0;1496;14;0;0;2311;6156;756;0;1636;168;56;42;42;56;140;140;420;420;1484;364;0;364;364;0;0;0;0;0;0;0;0;0;0;0;0;0;0;0;0;0;0;0;0;0;0;0;0;0;0;0;0;0;0;0;0;0;0;0;0;0;0;0;0;0;0;0;0;0;0;0;0;0;0;0;0;0;0;0;0;0;0;0;0;0;0;0;0;0;0;0;0;0;0;0;0;0;0;0;0;0;0;0;0;0;0;0;0;1;15;IWW Ponies Wear Shoes;Macmillan;Macmillan;225;;ded7c1ee5a580801941acfaf63382765;ef7f0b493aa742b7d41a2b88ba1df693;4c1747413a6639c398a8e2b14189fd70;en
05071;1441;1;2784;1218;0;0;0;0;980;364;168;364;42;280;0;602;798;0;0;0;112;0;1496;14;0;0;2311;6156;756;0;1636;168;56;42;42;56;140;140;420;420;1484;364;0;364;364;0;0;0;0;0;0;0;0;0;0;0;0;0;0;0;0;0;0;0;0;0;0;0;0;0;0;0;0;0;0;0;0;0;0;0;0;0;0;0;0;0;0;0;0;0;0;0;0;0;0;0;0;0;0;0;0;0;0;0;0;0;0;0;0;0;0;0;0;0;0;0;0;0;0;0;0;0;0;0;0;0;0;0;0;1;15;IWW Pyramids were Built;Macmillan;Macmillan;233;;fe9d791db2953164b3077f70a588682f;2b92b43262957d71107bad190491f12a;6310d2ca4240ae110a0df71b0a6995e9;en
05072;1441;1;2784;1218;0;0;0;0;980;364;168;364;42;280;0;602;798;0;0;0;112;0;1496;14;0;0;2311;6156;756;0;1636;168;56;42;42;56;140;140;420;420;1484;364;0;364;364;0;0;0;0;0;0;0;0;0;0;0;0;0;0;0;0;0;0;0;0;0;0;0;0;0;0;0;0;0;0;0;0;0;0;0;0;0;0;0;0;0;0;0;0;0;0;0;0;0;0;0;0;0;0;0;0;0;0;0;0;0;0;0;0;0;0;0;0;0;0;0;0;0;0;0;0;0;0;0;0;0;0;0;0;1;15;IWW Soap Makes Bubbles;Macmillan;Macmillan;226;;48f0ed12145b2744223e93e11b463380;cf3771ee163d29982ea26454ed6434ab;8ffab87b997bbb40d6a9ba9e1d467f03;en
05073;1441;1;2784;1218;0;0;0;0;980;364;168;364;42;280;0;602;798;0;0;0;112;0;1496;14;0;0;2311;6156;756;0;1636;168;56;42;42;56;140;140;420;420;1484;364;0;364;364;0;0;0;0;0;0;0;0;0;0;0;0;0;0;0;0;0;0;0;0;0;0;0;0;0;0;0;0;0;0;0;0;0;0;0;0;0;0;0;0;0;0;0;0;0;0;0;0;0;0;0;0;0;0;0;0;0;0;0;0;0;0;0;0;0;0;0;0;0;0;0;0;0;0;0;0;0;0;0;0;0;0;0;0;1;15;IWW Stars Twinkle;Macmillan;Macmillan;270;;124b1da4bec738cd79400f5c283fce33;0958efd9aa5cb5290e0f6357229e9594;4570e0180b5073d06b8759ba80e1d735;en
05074;1441;1;2784;1218;0;0;0;0;980;364;168;364;42;280;0;602;798;0;0;0;112;0;1496;14;0;0;2311;6156;756;0;1636;168;56;42;42;56;140;140;420;420;1484;364;0;364;364;0;0;0;0;0;0;0;0;0;0;0;0;0;0;0;0;0;0;0;0;0;0;0;0;0;0;0;0;0;0;0;0;0;0;0;0;0;0;0;0;0;0;0;0;0;0;0;0;0;0;0;0;0;0;0;0;0;0;0;0;0;0;0;0;0;0;0;0;0;0;0;0;0;0;0;0;0;0;0;0;0;0;0;0;1;15;IWW Triceratops Had Horns;Macmillan;Macmillan;227;;06d52a078083961ef6725b3b8acbfc0f;4c36d32ea4490fff733e6dd9ecc97c49;d05f4bb75096d0e727901d262f7369c1;en
05075;1441;1;2784;1218;0;0;0;0;980;364;168;364;42;280;0;602;798;0;0;0;112;0;1496;14;0;0;2311;6156;756;0;1636;168;56;42;42;56;140;140;420;420;1484;364;0;364;364;0;0;0;0;0;0;0;0;0;0;0;0;0;0;0;0;0;0;0;0;0;0;0;0;0;0;0;0;0;0;0;0;0;0;0;0;0;0;0;0;0;0;0;0;0;0;0;0;0;0;0;0;0;0;0;0;0;0;0;0;0;0;0;0;0;0;0;0;0;0;0;0;0;0;0;0;0;0;0;0;0;0;0;0;1;15;IWW My Tummy Rumbles;Macmillan;Macmillan;240;;a3e8c9147f754bab347da3b6b6c083b8;48f8a880810bc6454163cf1ec3a5a954;64838a48ec899916a37b7c40cfe8e684;en
05076;1441;1;2784;1218;0;0;0;0;980;364;168;364;42;280;0;602;798;0;0;0;112;0;1496;14;0;0;2311;6156;756;0;1636;168;56;42;42;56;140;140;420;420;1484;364;0;364;364;0;0;0;0;0;0;0;0;0;0;0;0;0;0;0;0;0;0;0;0;0;0;0;0;0;0;0;0;0;0;0;0;0;0;0;0;0;0;0;0;0;0;0;0;0;0;0;0;0;0;0;0;0;0;0;0;0;0;0;0;0;0;0;0;0;0;0;0;0;0;0;0;0;0;0;0;0;0;0;0;0;0;0;0;1;15;IWW Volcanoes Blow Their Tops;Macmillan;Macmillan;220;;68cf707291cf1abaa3d1d4671002104f;7a43bc75a4d998575dce9ea647e0e53d;01441d4c17cd47ed88a674070de57783;en
05077;1441;1;2784;1218;0;0;0;0;980;364;168;364;42;280;0;602;798;0;0;0;112;0;1496;14;0;0;2311;6156;756;0;1636;168;56;42;42;56;140;140;420;420;1484;364;0;364;364;0;0;0;0;0;0;0;0;0;0;0;0;0;0;0;0;0;0;0;0;0;0;0;0;0;0;0;0;0;0;0;0;0;0;0;0;0;0;0;0;0;0;0;0;0;0;0;0;0;0;0;0;0;0;0;0;0;0;0;0;0;0;0;0;0;0;0;0;0;0;0;0;0;0;0;0;0;0;0;0;0;0;0;0;1;15;IWW Wind Blows;Macmillan;Macmillan;337;;06c29116fde74c9607a141019144b84a;8864468c1790ce339a35fbead97ac69d;9e10475f932f5689bcbdce31106ed607;en
05078;1441;1;2784;1218;0;0;0;0;980;364;168;364;42;280;0;602;798;0;0;0;112;0;1496;14;0;0;2311;6156;756;0;1636;168;56;42;42;56;140;140;420;420;1484;364;0;364;364;0;0;0;0;0;0;0;0;0;0;0;0;0;0;0;0;0;0;0;0;0;0;0;0;0;0;0;0;0;0;0;0;0;0;0;0;0;0;0;0;0;0;0;0;0;0;0;0;0;0;0;0;0;0;0;0;0;0;0;0;0;0;0;0;0;0;0;0;0;0;0;0;0;0;0;0;0;0;0;0;0;0;0;0;1;15;Os Castelos Tinham Fossos;GIRASSOL;Philip Steele;611;;8abc5a20504278def40d4919763d6ae8;84bd36da63c369377e7f47c86d9f7b09;a522ee3f3a9b92baca275ae0267ca235;en
05079;1441;1;2784;1218;0;0;0;0;980;364;168;364;42;280;0;602;798;0;0;0;112;0;1496;14;0;0;2311;6156;756;0;1636;168;56;42;42;56;140;140;420;420;1484;364;0;364;364;0;0;0;0;0;0;0;0;0;0;0;0;0;0;0;0;0;0;0;0;0;0;0;0;0;0;0;0;0;0;0;0;0;0;0;0;0;0;0;0;0;0;0;0;0;0;0;0;0;0;0;0;0;0;0;0;0;0;0;0;0;0;0;0;0;0;0;0;0;0;0;0;0;0;0;0;0;0;0;0;0;0;0;0;1;15;As Lagartas Comem Tanto;GIRASSOL;Belinda Weber;612;;ebf2a194056fc5be2b516d183a1bc893;4cb7783cbc53262a8b01c46763edb68e;b4f4d36fbb3f2023fca17e2ff6b7d122;en
05080;1442;1;2785;1218;0;0;0;0;980;364;168;364;42;280;0;602;798;0;0;0;112;0;1497;14;0;0;2311;6158;756;0;1637;168;56;42;42;56;140;140;420;420;1484;364;0;364;364;0;0;0;0;0;0;0;0;0;0;0;0;0;0;0;0;0;0;0;0;0;0;0;0;0;0;0;0;0;0;0;0;0;0;0;0;0;0;0;0;0;0;0;0;0;0;0;0;0;0;0;0;0;0;0;0;0;0;0;0;0;0;0;0;0;0;0;0;0;0;0;0;0;0;0;0;0;0;0;0;0;0;0;0;1;15;Colombo Cruzou o Oceano;GIRASSOL;Rosie Greenwood;613;;d47606e8ad3caaa1e08a8b7367fe8077;6bf41f191a0a0aec8fc0725ff64dd6ea;4e9368b85036cf7e30253b712c6b391c;en
05081;1441;1;2784;1218;0;0;0;0;980;364;168;364;42;280;0;602;798;0;0;0;112;0;1496;14;0;0;2311;6156;756;0;1636;168;56;42;42;56;140;140;420;420;1484;364;0;364;364;0;0;0;0;0;0;0;0;0;0;0;0;0;0;0;0;0;0;0;0;0;0;0;0;0;0;0;0;0;0;0;0;0;0;0;0;0;0;0;0;0;0;0;0;0;0;0;0;0;0;0;0;0;0;0;0;0;0;0;0;0;0;0;0;0;0;0;0;0;0;0;0;0;0;0;0;0;0;0;0;0;0;0;0;1;15;Os Cangurus Têm Bolsas;GIRASSOL;Jenny Wood;614;;64879cef283288a296931cfa4f12620c;7b1dbd277e603bdde54c05af40a7967a;8d274e3dc2eef9ad0904c731c1e877af;en
05082;1441;1;2784;1218;0;0;0;0;980;364;168;364;42;280;0;602;798;0;0;0;112;0;1496;14;0;0;2311;6156;756;0;1636;168;56;42;42;56;140;140;420;420;1484;364;0;364;364;0;0;0;0;0;0;0;0;0;0;0;0;0;0;0;0;0;0;0;0;0;0;0;0;0;0;0;0;0;0;0;0;0;0;0;0;0;0;0;0;0;0;0;0;0;0;0;0;0;0;0;0;0;0;0;0;0;0;0;0;0;0;0;0;0;0;0;0;0;0;0;0;0;0;0;0;0;0;0;0;0;0;0;0;1;15;Os Cavalos Usam Ferraduras;GIRASSOL;Jackie Gaff;622;;21b876e42f49d3ed325ac4c850e8cc1d;9a6fdd32af928882c8746b364cc16f37;4c1747413a6639c398a8e2b14189fd70;en
05083;1441;1;2784;1218;0;0;0;0;980;364;168;364;42;280;0;602;798;0;0;0;112;0;1496;14;0;0;2311;6156;756;0;1636;168;56;42;42;56;140;140;420;420;1484;364;0;364;364;0;0;0;0;0;0;0;0;0;0;0;0;0;0;0;0;0;0;0;0;0;0;0;0;0;0;0;0;0;0;0;0;0;0;0;0;0;0;0;0;0;0;0;0;0;0;0;0;0;0;0;0;0;0;0;0;0;0;0;0;0;0;0;0;0;0;0;0;0;0;0;0;0;0;0;0;0;0;0;0;0;0;0;0;1;15;As Pirâmides Foram Construídas;GIRASSOL;Philip Steele;615;;7fe0e4e393e7bf5004b9a72f92e08de7;5dca3e69ac7a9c6a82aa0df6223f0bca;6310d2ca4240ae110a0df71b0a6995e9;en
05084;1441;1;2784;1218;0;0;0;0;980;364;168;364;42;280;0;602;798;0;0;0;112;0;1496;14;0;0;2311;6156;756;0;1636;168;56;42;42;56;140;140;420;420;1484;364;0;364;364;0;0;0;0;0;0;0;0;0;0;0;0;0;0;0;0;0;0;0;0;0;0;0;0;0;0;0;0;0;0;0;0;0;0;0;0;0;0;0;0;0;0;0;0;0;0;0;0;0;0;0;0;0;0;0;0;0;0;0;0;0;0;0;0;0;0;0;0;0;0;0;0;0;0;0;0;0;0;0;0;0;0;0;0;1;15;O Sabao Faz Bolhas;GIRASSOL;Barbara Taylor;616;;4268d50a53653271f5941a39dab6b9a1;ec35c4e56a4f5bde3beddebccaa348c3;8ffab87b997bbb40d6a9ba9e1d467f03;en
05085;1441;1;2784;1218;0;0;0;0;980;364;168;364;42;280;0;602;798;0;0;0;112;0;1496;14;0;0;2311;6156;756;0;1636;168;56;42;42;56;140;140;420;420;1484;364;0;364;364;0;0;0;0;0;0;0;0;0;0;0;0;0;0;0;0;0;0;0;0;0;0;0;0;0;0;0;0;0;0;0;0;0;0;0;0;0;0;0;0;0;0;0;0;0;0;0;0;0;0;0;0;0;0;0;0;0;0;0;0;0;0;0;0;0;0;0;0;0;0;0;0;0;0;0;0;0;0;0;0;0;0;0;0;1;15;As Estrelas Piscam;GIRASSOL;Carole Stott;618;;48508e9b6f5f0f988b81304a225d912a;ffbe5df067daaeecdeb9c32fd247f914;4570e0180b5073d06b8759ba80e1d735;en
05086;1441;1;2784;1218;0;0;0;0;980;364;168;364;42;280;0;602;798;0;0;0;112;0;1496;14;0;0;2311;6156;756;0;1636;168;56;42;42;56;140;140;420;420;1484;364;0;364;364;0;0;0;0;0;0;0;0;0;0;0;0;0;0;0;0;0;0;0;0;0;0;0;0;0;0;0;0;0;0;0;0;0;0;0;0;0;0;0;0;0;0;0;0;0;0;0;0;0;0;0;0;0;0;0;0;0;0;0;0;0;0;0;0;0;0;0;0;0;0;0;0;0;0;0;0;0;0;0;0;0;0;0;0;1;15;O Triceratope Tinha Chifres;GIRASSOL;Rod Theodorou;617;;b431c6d79fb14eb2fe636a5f4f69651a;c3732b602f1a8bad676b09a663aae952;d05f4bb75096d0e727901d262f7369c1;en
05087;1441;1;2784;1218;0;0;0;0;980;364;168;364;42;280;0;602;798;0;0;0;112;0;1496;14;0;0;2311;6156;756;0;1636;168;56;42;42;56;140;140;420;420;1484;364;0;364;364;0;0;0;0;0;0;0;0;0;0;0;0;0;0;0;0;0;0;0;0;0;0;0;0;0;0;0;0;0;0;0;0;0;0;0;0;0;0;0;0;0;0;0;0;0;0;0;0;0;0;0;0;0;0;0;0;0;0;0;0;0;0;0;0;0;0;0;0;0;0;0;0;0;0;0;0;0;0;0;0;0;0;0;0;1;15;Minha Barriga Ronca;GIRASSOL;Brigid Avison;811;;f2feb0eea7664d5a7036065314ccc7fd;eeb2060d14de51a55a8a812cc729e313;64838a48ec899916a37b7c40cfe8e684;en
05088;1441;1;2784;1218;0;0;0;0;980;364;168;364;42;280;0;602;798;0;0;0;112;0;1496;14;0;0;2311;6156;756;0;1636;168;56;42;42;56;140;140;420;420;1484;364;0;364;364;0;0;0;0;0;0;0;0;0;0;0;0;0;0;0;0;0;0;0;0;0;0;0;0;0;0;0;0;0;0;0;0;0;0;0;0;0;0;0;0;0;0;0;0;0;0;0;0;0;0;0;0;0;0;0;0;0;0;0;0;0;0;0;0;0;0;0;0;0;0;0;0;0;0;0;0;0;0;0;0;0;0;0;0;1;15;Os Vulcoes Entram em Erupcao;GIRASSOL;Rosie Greenwood;812;;00ddce8057b5c333b44d362decfdca6b;82996529c6f5ed4a81827720a38f0c6e;01441d4c17cd47ed88a674070de57783;en
05089;1441;1;2784;1218;0;0;0;0;980;364;168;364;42;280;0;602;798;0;0;0;112;0;1496;14;0;0;2311;6156;756;0;1636;168;56;42;42;56;140;140;420;420;1484;364;0;364;364;0;0;0;0;0;0;0;0;0;0;0;0;0;0;0;0;0;0;0;0;0;0;0;0;0;0;0;0;0;0;0;0;0;0;0;0;0;0;0;0;0;0;0;0;0;0;0;0;0;0;0;0;0;0;0;0;0;0;0;0;0;0;0;0;0;0;0;0;0;0;0;0;0;0;0;0;0;0;0;0;0;0;0;0;1;15;O Vento Sopra;GIRASSOL;Anita Ganeri;813;;dbbf98da8f00202c87b8b58e5bd17e69;4a671d52ef25ab3d44314f9f6c8e28ab;9e10475f932f5689bcbdce31106ed607;en
05091;404;7;18546;22626;0;0;0;0;24532;20121;0;0;0;479;2026;395;0;0;0;0;3;0;21670;2;0;0;47168;62841;398;0;1981;0;0;0;0;0;0;0;0;0;865;865;865;865;865;865;865;865;865;865;865;865;865;865;865;866;865;865;865;865;865;865;865;865;865;865;865;865;865;865;865;865;865;865;865;865;865;865;865;865;865;865;0;0;0;0;0;0;0;0;0;0;0;0;0;0;0;0;0;0;0;0;0;0;0;0;0;0;0;0;0;0;0;0;0;0;43;790;2026;0;0;0;0;0;0;0;0;397;0;1;98;Globus_Duo_Azzurro_40cm;Columbus;Columbus;1534;;ac6ca7c79fb424ce2366b329964635ee;b4e084b17429bb1e067cd75d71bbb7ca;;en
05092;399;0;4;1580;0;0;0;0;1580;1580;0;0;0;0;0;0;0;0;0;0;0;0;1584;0;0;0;3160;3168;0;0;1584;0;0;0;0;0;0;0;0;0;0;0;0;0;0;0;0;0;0;0;0;0;0;0;0;0;0;0;0;0;0;0;0;0;0;0;0;0;0;0;0;0;0;0;0;0;0;0;0;0;0;0;0;0;0;0;0;0;0;0;0;0;0;0;0;0;0;0;0;0;0;0;0;0;0;0;0;0;0;0;0;0;0;0;0;0;0;0;0;0;0;0;0;0;0;0;0;0;0;1;1;Globus_Duo_Azzurro_12cm;Columbus;Columbus;1391;;1624887df2fb53b5c278bd83320db388;047835264aa72243010db8c883e4cc08;;en
05093;586;0;4;1580;0;0;0;0;1580;1580;0;0;0;0;0;0;0;0;0;0;0;0;1771;0;0;0;3160;3355;0;0;1584;0;0;0;0;0;0;0;0;0;0;0;0;0;0;0;0;0;0;0;0;0;0;0;0;0;0;0;0;0;0;0;0;0;0;0;0;0;0;0;0;0;0;0;0;0;0;0;0;0;0;0;0;0;0;0;0;0;0;0;0;0;0;0;0;0;0;0;0;0;0;0;0;0;0;0;0;0;0;0;0;0;0;0;0;0;0;0;0;0;0;0;0;0;0;0;0;0;0;1;1;Weltkarte;Columbus;Columbus;1396;;001a27c678b0390b3360c92f19577b29;66e60c735468bcd54bfb317d684c43de;;en
05097;192;0;1479898;133033;46376;35350;350;0;87498;94183;35350;0;875;175;2450;8050;0;0;0;0;2;0;67742;2800;0;0;220533;1672608;100991;9625;874;2274;874;3359;171327;8225;4200;0;0;0;0;0;0;0;175;175;175;175;175;175;0;0;0;0;3325;3675;5425;67200;61950;61775;61775;61775;61775;61775;61775;61775;61775;61775;61775;61775;61775;61775;61775;62650;64050;62475;62300;62125;62125;61600;700;0;0;0;0;0;0;0;1;749;0;0;0;0;0;0;0;0;0;21350;15400;5950;3325;2800;2800;2800;2800;0;0;0;0;0;0;0;0;0;0;0;0;0;0;559;0;0;190;0;0;1225;0;0;98;Ratz Fatz Buchstaben;HABA;Hajo Bücken;555;;a635c7f252cb4a2572a7cad5297d5835;8999b45aefda8ff33d6d7d24244a8fa1;b9e31e7134706fdce6ea5ee1e1183378;en
05098;158;0;1142903;113538;39904;32712;282;0;67678;77583;32571;0;705;423;2256;7755;0;0;0;0;2;0;52610;2115;0;0;181218;1301563;90256;12267;704;1832;704;2572;155243;5781;3243;0;0;0;0;0;0;0;141;141;141;141;141;141;0;0;0;0;2679;3384;4653;51465;47235;47094;47094;47094;47094;47094;47094;47094;47094;47094;47094;47094;47094;47094;47094;47658;49350;47658;47517;47517;47517;47094;564;564;564;0;0;0;0;0;1;613;0;0;0;0;0;0;0;0;0;19176;8883;6345;4512;4512;2397;2256;2256;0;0;0;0;0;0;0;0;0;0;0;0;0;0;457;0;0;156;0;0;1128;0;0;98;Ratz Fatz Zahlen;HABA;Hajo Bücken;575;;c58cd9b240d019b83a2de845b1c0ad6a;ae86605b6724d7b47c9732c56a585e1c;899448e6b66d78582de361d64becc78b;en
05099;498;0;799200;100397;10440;3479;994;0;85483;94431;2487;0;2982;497;0;21371;0;0;0;0;1;0;42743;2485;0;0;185881;922958;58151;15904;2463;6439;2463;9965;74556;4473;9940;0;0;0;0;0;0;0;497;497;497;497;497;497;0;0;0;0;30317;30317;30317;30317;40278;30317;30317;30317;30317;30317;30317;30317;30317;30317;30317;30317;30317;30317;30317;30814;31808;30814;31311;30814;32305;31311;0;0;0;1988;0;0;1491;0;4495;0;0;0;0;0;0;0;0;0;0;0;0;0;0;0;0;0;0;0;0;0;0;0;0;0;0;0;0;0;0;0;0;1017;0;0;496;0;0;994;0;0;98;Im Wimmel Kindergarten;HABA;Stefanie Klinge, Anna Madouche;553;;4efcf36b62c3bf613676d3f6b90a5e6b;28a744e44bed270b6ab06067444f8f74;bae8cd8d7c121645bb4ab3cc9b59ddce;en
05100;443;0;602912;107851;9285;3094;884;0;76023;102103;2212;0;2652;884;0;19890;0;0;0;0;1;0;38013;2210;0;0;183875;734191;49948;32266;2188;5724;2188;8865;64538;6630;7514;0;0;0;0;0;0;0;442;442;442;442;442;442;0;0;0;0;0;0;0;0;35823;27404;26962;26962;26962;26962;26962;26962;26962;26962;26962;26962;26962;26962;26962;27404;28288;27404;27846;27404;28730;27846;1768;0;0;1768;0;0;1326;0;4000;0;0;0;0;0;0;0;0;0;0;0;0;0;0;0;0;0;0;0;0;0;0;0;0;0;0;0;0;0;0;0;0;907;0;0;441;0;0;884;0;0;98;Auf dem Wimmel Bauernhof;HABA;Stefanie Klinge, Anna Madouche;552;;ea6c7ec61489452e2219ff67b67c1ad7;28613c50a1b193712305a8c74e3300c5;7346c91c9102e8ad7dcda600b89842ab;en
05110;857;6;1769;3941;2;0;0;0;5808;1746;72;34;1385;21;695;75;2;0;0;0;98;0;2498;0;0;0;9865;8194;93;0;859;1086;1457;0;0;0;0;0;8;191;197;183;168;140;129;129;129;129;129;389;38;8;4;2;1;0;0;0;0;0;201;0;0;0;0;0;0;0;0;0;0;0;0;0;0;0;0;0;0;0;0;0;0;0;0;0;0;0;0;0;0;0;0;0;0;0;0;0;0;0;0;0;0;0;0;0;0;0;0;0;0;0;0;0;0;0;0;0;75;0;0;133;0;0;0;0;0;4;0;1;98;Dschungeltiere;Velber Kinderbuch;Janine Scott;319;;b47df9295bf12710591c0c57e81a7d5c;730d6d71d15f3cc659fd566f0e1c7dd9;;en
05111;761;6;1976;2881;2;0;0;0;3978;1674;93;546;18;25;543;73;2;0;0;0;129;0;2411;0;0;0;7012;7254;91;0;707;420;1162;0;0;0;0;0;8;223;227;194;181;165;150;143;143;143;143;446;38;8;4;2;1;0;0;0;0;0;255;0;0;0;0;0;0;0;0;0;0;0;0;0;0;0;0;0;0;0;0;0;0;0;0;0;0;0;0;0;0;0;0;0;0;0;0;0;0;0;0;0;0;0;0;0;0;0;0;0;0;0;0;0;0;0;0;0;73;0;0;94;0;0;0;0;0;4;0;1;98;Tiere auf dem Bauernhof;Velber Kinderbuch;Janine Scott;327;;e7090ee8c88820cbcd4fc38c0a7314ad;cb4076ed3bd4edb12fde530202ac4abf;;en
05125;494;0;8320;6416;0;0;0;0;7010;5643;460;304;0;1;8;316;0;0;0;0;4;0;2062;0;0;0;13430;16685;429;0;897;608;352;0;0;0;0;0;0;266;514;175;175;171;155;41;266;266;266;1346;129;129;129;129;129;129;129;244;129;625;125;125;125;134;125;10;10;10;6;13;133;17;17;17;17;17;17;136;136;127;54;51;51;71;51;55;51;51;51;128;10;127;129;44;124;12;122;130;13;7;127;128;129;127;129;128;125;130;131;1703;4;0;124;0;0;0;0;1451;201;0;0;244;0;0;1;124;121;0;3;1;99;Learning English - Quizfächer;Ass Altenburger;Ass Altenburger;398;;ec22446239070957cda8fc4adfd2892e;07d86212709a189c537fbae339b3b57a;;en
05126;157;0;4041;1687;49;0;0;0;1957;1044;6;196;147;294;0;245;49;0;0;0;7;0;652;0;0;0;3651;5448;1275;0;453;296;0;0;0;0;0;0;196;104;104;104;104;104;104;104;104;104;104;599;1507;196;98;48;0;0;0;0;0;0;0;0;0;0;0;0;0;0;0;0;0;0;0;0;0;0;0;0;0;104;104;0;0;0;0;0;0;0;0;0;0;0;0;0;0;0;0;0;0;0;0;0;0;0;0;0;0;0;0;0;0;2;147;49;14;167;703;38;55;0;0;507;0;0;0;0;0;98;0;1;98;Quak & Co. - Das tierische Geräusche-Memo;ASS;ASS;445;;9b6c32730a8c93136867412def3ea147;cdc7f0f5e487590b1af3c3133185d949;;en
05129;850;77;25504;23313;684;0;0;0;19262;11092;5714;1372;1370;3764;0;6525;1026;0;0;0;36;12;3084;0;0;0;42687;51172;8976;0;3188;5548;475;2904;758;3878;92;31;2736;673;670;666;617;431;287;165;132;112;112;6073;12996;2736;1368;342;0;0;0;0;0;229;232;233;222;219;219;221;220;203;198;169;159;6;0;0;0;0;0;0;0;0;0;0;0;0;0;0;0;0;0;0;0;0;0;0;0;0;0;0;0;16;16;16;0;0;0;0;0;0;0;0;0;0;0;0;0;13;1002;5113;342;0;0;0;0;0;0;0;0;1368;0;1;98;Mein Ting Vorschulbuch mit den kleinen Lerndr;Klett;Klett;758;;2f1e7e004855c4b012ba300688ac128e;15295bee70c4f8390646729e5a335b54;6d84ee16b58ff964ba8a2e19db0c8759;en
05133;674;33;290;2035;0;0;0;0;1437;755;1274;6;0;0;0;32;12;0;0;0;18;17;1431;0;0;0;3523;3781;36;0;1868;48;0;0;0;0;0;0;0;59;20;23;11;14;14;0;0;0;0;0;0;0;0;0;0;0;0;0;0;4;4;4;4;4;4;4;4;4;4;0;0;0;0;0;0;0;0;0;0;62;68;0;0;0;0;0;0;0;0;64;0;0;0;0;0;0;0;0;0;82;0;0;0;0;0;0;0;0;0;1;0;0;0;0;12;0;0;0;0;0;0;0;0;0;0;0;0;0;0;1;85;Unsere liebsten Katzen;Velber;Janine Scott;426;;47f6a98351a480c03cbec963724a894a;a1b312f3cc1b3e59c7150877708442b0;;en
05134;854;33;278;2927;0;0;0;0;1628;824;2096;7;0;0;0;28;8;0;0;0;20;21;1627;0;0;0;4608;4853;36;0;2812;68;0;0;28;25;0;0;0;50;11;11;14;0;0;0;0;0;0;0;0;0;0;0;0;0;0;0;0;4;4;4;4;4;4;4;4;4;4;0;0;0;0;0;0;0;0;0;0;46;38;0;0;0;0;0;0;0;0;64;0;0;0;0;0;0;0;0;0;43;0;0;0;0;0;0;0;0;0;0;0;0;0;0;12;0;0;0;0;0;0;0;0;0;0;0;0;0;0;1;85;Unsere liebsten Hunde;Velber;Janine Scott;460;;089e2eb55a1d0a8c5b8dde0c74a42144;96a8cf17bece5bd0fdfca4272ff74dca;;en
05135;634;632;762;3323;0;0;0;0;5243;2828;0;495;0;0;0;990;495;0;0;0;2;0;3606;0;0;0;9200;7067;2109;1410;2167;1740;623;622;1117;0;0;0;0;0;0;0;0;0;0;0;0;0;0;0;0;0;0;0;0;0;0;0;0;0;0;0;0;0;0;0;0;0;0;0;0;0;0;0;0;0;0;0;0;0;0;0;0;0;0;0;0;0;0;0;0;0;0;0;0;0;0;0;0;0;0;0;0;0;0;0;0;0;0;0;0;0;0;0;0;0;0;0;0;0;0;0;0;0;0;0;0;0;0;0;5;Der große Spiel Atlas;Velber;Velber;559;;6bb414d3881e9f1f4048255413132873;bafa9a23068aae24a41136df8e34e525;;en
05136;1878;0;2503;7;1;0;0;0;630;3;3;1;0;0;0;6;0;0;0;0;624;1;1883;0;0;0;1261;4390;11;0;1251;1260;10;0;0;0;0;0;0;0;0;0;0;0;0;0;0;0;0;0;0;0;0;0;0;0;0;0;0;0;0;0;0;0;0;0;0;0;0;0;0;0;0;0;0;0;0;0;0;0;0;0;0;0;0;0;0;0;0;0;0;0;0;0;0;0;0;0;0;0;0;0;0;0;0;0;0;0;0;0;0;0;0;0;0;0;0;0;0;0;0;0;0;0;0;0;0;1;0;1;98;Der Kinder Brockhaus Das sprechende Kinderqui;Der Kinderbrockhaus;Der Kinder Brockhaus;476;;d0af808458c2200eaa572bd1d5f4c145;bf6a295cce11582644d78a36f145c9b2;2e379d8e23185c3de9b8833808085f45;en
05141;805;955;22197;31872;0;0;0;0;20638;14578;904;0;65;0;16325;15280;1434;0;0;0;28;0;5290;0;0;0;53493;52888;23185;0;776;775;776;774;775;774;775;775;778;775;774;772;680;680;597;432;287;287;99;99;99;99;99;99;99;0;0;0;0;17944;816;0;0;0;0;0;0;0;0;402;744;0;0;0;0;0;0;0;0;0;0;0;0;0;0;0;0;0;0;0;0;0;0;0;0;0;0;0;0;61;0;0;0;0;0;0;0;0;0;679;679;0;0;0;0;0;32650;0;0;0;0;2181;0;0;0;10;363;1529;1451;1;99;Huckla verzaubert die Schule;Langenscheidt;Irmtraud Guha;547;;f4cbbca53f519de68c7d4a9c8708c702;b2f4acd3f08fe0f006b10aab39da8f17;;en
05146;431;0;3055;1381;0;0;0;0;513;1299;0;35;26;20;0;85;0;0;0;0;0;0;842;0;0;0;1893;5335;28;0;802;569;26;26;26;26;26;26;26;56;56;56;56;56;56;56;56;56;56;56;56;56;56;26;26;26;26;26;26;56;56;56;56;56;56;56;56;56;56;56;82;56;82;26;26;26;26;26;26;28;32;31;31;31;31;31;31;31;31;31;31;31;31;29;29;29;29;29;29;60;27;27;27;27;27;26;27;26;26;26;26;26;26;26;0;0;0;0;0;0;0;0;0;0;0;0;0;0;0;1;84;Highlights (English Ting Edition) Volume 1, I;Highlights for Children, Inc.;Christine French Cully;440;;54d9efad767a57d1fcf77cabdc3b8b2d;c42e71197fc5d1e9da918f5481665448;;en
05147;215;0;2778;1285;0;0;0;0;781;1219;0;42;0;24;0;84;0;0;0;0;0;0;920;0;0;0;2066;5031;36;0;422;879;32;32;32;32;32;32;32;35;34;34;34;34;34;34;34;34;34;34;34;34;34;34;34;34;34;33;32;33;34;34;34;34;34;34;34;34;34;34;66;34;66;34;34;34;34;33;32;34;38;38;38;38;38;38;38;38;38;36;36;36;36;36;36;34;34;32;32;32;32;32;32;32;32;32;32;32;32;32;32;32;32;32;0;0;0;0;0;0;0;0;0;0;0;0;0;0;0;1;84;Highlights High Five (English Ting Edition) V;Highlights;Christine French Cully;439;;00c70af5433f9b3c2bbe1b7df01a6f82;09a79b94a49cfca3ffd2e4a3fcdc64b4;;en
05148;140;73;60;770;0;0;0;0;298;770;0;0;0;0;0;0;0;0;0;0;0;0;298;0;0;0;1141;1128;0;0;31;26;26;26;26;26;26;25;20;20;20;20;20;20;29;24;24;24;24;24;24;27;22;22;22;22;22;22;28;23;23;23;23;23;23;0;0;0;0;0;0;0;0;0;0;0;0;0;0;0;0;0;0;0;0;0;0;0;0;0;0;0;0;0;0;0;0;0;0;0;0;0;0;0;0;0;0;0;0;0;0;0;0;0;0;0;0;0;0;0;0;0;0;0;0;0;0;0;0;1;35;Auf dem Bauernhof;ars edition;ars edition;551;;c460c050031d95c1a5304dfb6dca0784;d3ea4e304ee8c9c8d01ab51637158298;;en
05149;106;66;60;532;0;0;0;0;221;532;0;0;0;0;0;0;0;0;0;0;0;0;221;0;0;0;819;813;0;0;18;13;13;13;13;13;13;22;17;17;17;17;17;17;20;15;15;15;15;15;15;27;22;22;22;22;22;22;19;14;14;14;14;14;14;0;0;0;0;0;0;0;0;0;0;0;0;0;0;0;0;0;0;0;0;0;0;0;0;0;0;0;0;0;0;0;0;0;0;0;0;0;0;0;0;0;0;0;0;0;0;0;0;0;0;0;0;0;0;0;0;0;0;0;0;0;0;0;0;1;35;Bei den Tieren;ars edition;ars edition;557;;633e2cd83f9da4deeacffa3ab9273764;0006beeb26c194ef672f5aaba5ae1564;;en
05151;1250;556;15691;22194;124;0;0;0;21014;9946;4426;250;248;7344;0;2561;186;0;0;0;27;12;9677;0;0;0;43811;47864;2581;0;2157;9;125;1338;600;4215;788;102;496;306;302;299;286;269;269;236;193;170;150;1217;2457;7246;309;123;61;44;44;44;23;341;313;301;275;224;200;145;127;74;67;45;45;32;32;20;20;0;0;0;0;3;0;0;0;0;0;0;0;0;0;0;0;0;0;0;0;0;0;0;0;0;0;0;0;0;0;0;0;0;0;0;0;0;0;0;0;6;1887;11681;62;0;0;0;0;0;0;0;0;1081;0;1;98;Mein Ting-Buch 1. Klasse Deutsch und Rechnen;Klett;Klett;603;;181ec0b9ac8d6849f855122e37f42301;21a2c868c021ff30c5199dfa28197ae1;;en
05154;404;7;18546;22626;0;0;0;0;24532;20121;0;0;0;479;2026;395;0;0;0;0;3;0;21670;2;0;0;47168;62841;398;0;1981;0;0;0;0;0;0;0;0;0;865;865;865;865;865;865;865;865;865;865;865;865;865;865;865;866;865;865;865;865;865;865;865;865;865;865;865;865;865;865;865;865;865;865;865;865;865;865;865;865;865;865;0;0;0;0;0;0;0;0;0;0;0;0;0;0;0;0;0;0;0;0;0;0;0;0;0;0;0;0;0;0;0;0;0;0;43;790;2026;0;0;0;0;0;0;0;0;397;0;1;98;DUO Azzurro Englisch 40 cm;Columbus;Columbus;1535;;ac6ca7c79fb424ce2366b329964635ee;bd27870a0ee075e610ceccbd02591039;;en
05155;404;7;18546;22626;0;0;0;0;24532;20121;0;0;0;479;2026;395;0;0;0;0;3;0;21670;2;0;0;47168;62841;398;0;1981;0;0;0;0;0;0;0;0;0;865;865;865;865;865;865;865;865;865;865;865;865;865;865;865;866;865;865;865;865;865;865;865;865;865;865;865;865;865;865;865;865;865;865;865;865;865;865;865;865;865;865;0;0;0;0;0;0;0;0;0;0;0;0;0;0;0;0;0;0;0;0;0;0;0;0;0;0;0;0;0;0;0;0;0;0;43;790;2026;0;0;0;0;0;0;0;0;397;0;1;98;DUO Azzurro Französisch 40 cm;Columbus;Columbus;1536;;ac6ca7c79fb424ce2366b329964635ee;636e4ec1696331d1ac4c6a79b035aad2;;en
05160;509;485;576;667;0;0;0;0;533;3;636;0;0;0;28;21;0;0;0;0;0;0;598;0;0;0;1685;1827;35;0;0;0;0;0;0;0;0;0;0;0;0;0;0;0;0;0;0;0;0;0;0;0;0;0;0;0;0;0;0;0;0;0;0;0;0;0;0;0;0;0;0;0;0;0;0;0;0;0;0;0;0;0;0;0;0;0;0;0;0;0;180;37;7;7;0;0;0;0;0;0;0;0;0;0;0;0;0;0;0;0;0;0;0;0;0;970;56;0;0;0;0;0;0;0;0;0;0;7;0;61;98;Deutsch-Stars 1 Lesetraining;Oldenbourg bsv;Oldenbourg bsv;1203;;f4390581355d95577f804cb19c489b92;7b421a0cb3d53447842217ef182b7119;;en
05161;478;454;502;585;0;0;0;0;521;0;530;0;0;0;55;0;0;0;0;0;0;0;576;0;0;0;1560;1652;11;0;0;0;0;0;0;0;0;0;0;0;0;0;0;0;0;0;0;0;0;0;0;0;0;0;0;0;0;0;0;0;0;0;0;0;0;0;0;0;0;0;0;0;0;0;0;0;0;0;0;0;0;0;0;0;0;0;0;0;0;0;70;43;0;0;0;0;0;0;0;0;0;0;0;0;0;0;0;0;0;0;0;0;0;0;0;908;0;55;0;0;0;0;0;0;0;0;0;11;0;61;98;Deutsch-Stars 2 Lesetraining;Oldenbourg bsv;Oldenbourg bsv;669;;b708aea6ab104f70d7e948a27cbf0305;ac8d61d16eefd3ac993e5ee0d50efc20;;en
05162;624;600;667;733;0;0;0;0;674;0;673;0;0;0;60;0;0;0;0;0;0;0;739;0;0;0;2007;2127;12;0;0;0;0;0;0;0;0;0;0;0;0;0;0;0;0;0;0;0;0;0;0;0;0;0;0;0;0;0;0;0;0;0;0;0;0;0;0;0;0;0;0;0;0;0;0;0;0;0;0;0;0;0;0;0;0;0;0;0;0;0;103;25;0;0;0;0;0;0;0;0;0;0;0;0;0;0;0;0;0;0;0;0;0;0;0;1200;0;60;0;0;0;0;0;0;0;0;0;12;0;61;98;Deutsch-Stars 3 Lesetraining;Oldenbourg bsv;Oldenbourg bsv;1204;;d3a5a68b158b9a05e6405b3c65d75410;7694b3a1a5cdacf3c0874651b7039a24;;en
05163;555;531;602;647;0;0;0;0;591;0;597;0;0;0;50;0;0;0;0;0;0;0;648;0;0;0;1769;1887;10;0;0;0;0;0;0;0;0;0;0;0;0;0;0;0;0;0;0;0;0;0;0;0;0;0;0;0;0;0;0;0;0;0;0;0;0;0;0;0;0;0;0;0;0;0;0;0;0;0;0;0;0;0;0;0;0;0;0;0;0;0;94;19;16;0;0;0;0;0;0;0;0;0;0;0;0;0;0;0;0;0;0;0;0;0;0;1060;0;50;0;0;0;0;0;0;0;0;0;10;0;61;98;Deutsch-Stars 4 Lesetraining;Oldenbourg bsv;Oldenbourg bsv;1208;;d1bbd0164e1f52a33cf41acb1bd28511;4a19228590f34b4ccfd1d7e197f8f2b7;;en
05164;475;460;546;693;0;0;0;0;509;15;680;0;0;0;0;0;0;0;0;0;0;0;569;0;0;0;1664;1808;0;0;0;0;0;0;0;0;0;0;0;0;0;0;0;0;0;0;0;0;0;0;0;0;0;0;0;0;0;0;0;0;0;0;0;0;0;0;0;0;0;0;0;0;0;0;0;0;0;0;0;0;0;0;0;0;0;0;0;0;0;0;0;0;0;0;0;0;0;0;0;0;0;0;0;0;0;0;0;0;0;920;154;133;32;0;0;0;0;0;0;0;0;0;0;0;0;0;0;0;0;80;83;Deutsch-Stars 1 Silbentraining;Oldenbourg bsv;Oldenbourg bsv;725;;c8b2b71fce12655d6c82c71f54ad5b2d;7eb3b44a82cff0bf551dae33b7b62fe2;;en
05165;1318;1208;6565;5352;0;0;0;0;3532;3803;467;0;0;0;1082;358;0;0;0;0;13;0;3971;0;0;0;10105;15797;449;422;412;306;306;306;284;212;102;70;70;70;0;0;0;0;0;0;0;0;0;400;196;172;114;0;0;0;0;0;0;0;0;0;0;0;0;0;0;0;0;0;0;0;0;0;0;0;0;0;0;103;0;0;0;0;0;0;0;0;0;2430;235;258;88;1164;107;63;438;232;106;0;44;74;0;609;196;196;196;112;0;122;175;0;0;0;0;0;0;1082;0;0;0;666;0;0;0;0;0;240;0;0;98;Englisch-Stars 3;Oldenbourg bsv;Oldenbourg bsv;726;;4d02db773eb95065d4a16b522f708b8f;b3feb43194b1574a8ba1c5a4cf270969;;en
05166;1132;0;12867;1084;58;0;0;0;3998;1026;0;0;0;0;58;30;0;0;0;0;12;0;1591;0;0;0;5094;15482;148;1149;1158;1397;1181;0;0;0;0;1169;1411;1325;1237;1237;1237;0;0;0;0;0;0;0;0;0;0;0;0;0;0;0;0;0;0;0;0;0;0;0;0;0;0;0;0;0;0;0;0;0;0;0;0;0;0;0;0;0;0;0;0;0;0;0;0;0;0;0;0;0;0;0;0;290;0;0;0;0;0;0;0;0;0;0;0;0;0;0;0;0;0;0;0;0;0;1160;0;0;30;0;0;58;0;0;98;Englisch-Stars 4;Oldenbourg bsv;Oldenbourg bsv;1205;;9bf9da115d9667102211a5bb606d3673;156cff240d818c42c555ec4008a3da42;;en
05167;772;832;11259;7780;0;0;0;0;4586;5144;1329;0;0;0;1307;931;0;0;0;0;1;0;3779;4;0;0;13199;22508;1245;0;412;412;412;338;338;338;338;338;338;146;146;146;1014;0;0;0;0;0;0;0;0;0;0;0;0;0;0;0;0;0;0;0;0;0;0;0;0;0;0;0;0;0;0;0;0;0;0;0;0;386;222;0;0;0;0;0;0;0;0;956;749;1740;0;1899;1319;739;1740;530;318;0;283;68;0;0;0;0;0;0;0;1514;318;0;44;74;37;213;148;1307;0;0;0;199;0;0;0;0;0;544;0;1;98;Englisch-Stars 3 Comics;Oldenbourg bsv;Oldenbourg bsv;739;;5b00c82a1dea227c4d74b3e5a5cd7241;8bee187f393e7fd218260a4cd9210e71;1851dcb85590d8dafced3c51c04cea84;en
05168;657;0;20682;2819;127;0;0;0;4067;2600;92;0;0;0;127;263;0;0;0;0;18;0;2041;0;0;0;6904;25510;422;697;810;1489;1135;767;741;767;1116;772;1400;1567;917;917;917;0;0;0;0;0;0;0;1082;923;237;0;0;0;0;0;0;0;716;716;716;0;0;0;0;0;0;0;716;716;716;0;0;0;0;0;0;699;0;0;0;0;79;0;0;0;0;0;0;0;0;0;0;702;0;0;0;869;0;0;0;0;0;0;0;0;0;0;0;0;0;0;0;0;0;0;0;0;0;784;0;0;81;0;0;127;0;0;98;Englisch-Stars 4 Comics;Oldenbourg bsv;Oldenbourg bsv;1206;;d52c05beacb7d217c02b31d4590b47f4;c74ac2f3557e381f8df5a5e4ece387de;0aacc194dc29589d7014e76c993b819a;en
05169;363;411;2921;3771;0;0;0;0;2493;1838;313;0;0;0;1620;3335;0;0;0;0;7;0;1294;21;0;0;6682;8967;2375;0;159;159;159;159;159;136;136;136;136;136;136;136;136;136;136;136;136;136;136;136;2110;284;128;136;95;23;0;0;0;17;4;4;4;18;21;0;0;0;8;2;2;2;2;2;2;2;2;0;0;43;42;0;0;0;0;0;0;0;0;0;0;0;0;0;0;0;0;0;0;0;36;2;0;0;0;0;0;0;88;174;0;0;0;19;0;193;3240;0;0;0;0;546;0;0;0;1;10;173;10;1;99;Mathe-Stars 1 Grundwissen;Odenbourg bsv;Oldenbourg bsv;718;;8f8b17a523ba5964124db9c3e8c48e82;71d2a1c1eeee2e5a9fedf411fe6aa422;;en
05170;454;1562;77221;43832;0;0;0;0;29201;23451;2516;0;0;17;17848;3466;0;0;0;0;15;0;13247;101;0;0;74610;131740;6127;0;2448;2448;2448;2244;1632;1632;1632;1632;1632;1428;1428;1428;1428;1428;1428;1428;1428;1428;1428;1428;20108;17;608;1428;821;24;1435;0;0;1734;1224;0;0;0;0;0;0;0;0;101;101;101;101;101;101;101;0;0;0;0;0;0;0;2448;612;408;408;408;408;101;101;101;101;101;0;0;0;0;0;674;0;0;0;0;0;0;0;0;14380;1130;0;0;0;0;0;0;21264;16089;0;0;0;2490;0;0;0;0;0;2859;0;1;98;Mathe-Stars 2 Grundwissen;Oldenbourg bsv;Oldenbourg bsv;720;;1bcf3155c6d145795b8567e74455cbe6;fee599b12d61bd98adec73125e5338fa;;en
05171;615;2278;175846;91555;3;0;0;0;59881;45885;4173;0;1;0;41496;8460;0;0;0;0;17;0;16990;150;0;0;153731;279721;13283;259;4058;4551;3952;3952;3952;3952;3952;3952;3952;3952;4259;4259;4259;4259;4259;3449;3449;3447;3447;3143;44505;103;1017;4055;2242;129;4068;103;103;103;103;103;103;103;103;103;103;103;103;2066;1216;0;0;0;0;0;0;0;0;1111;706;101;101;102;102;102;102;102;102;101;2;0;0;0;0;0;0;0;0;844;0;0;0;0;0;5;0;0;37998;2341;401;0;0;0;0;0;49854;35566;0;0;0;4393;0;0;100;1;0;4714;1;0;99;Mathe-Stars 3 Grundwissen;Oldenbourg bsv;Oldenbourg bsv;751;;a43f98e8d86a99651b73995a1401c2ba;bc12463a49ceb0e24cfbe60d0732a531;daa77a6e20b9de240133fd6ce6bedc0b;en
05172;491;2335;89640;119967;0;0;0;0;84433;79501;4049;0;0;3;36414;69602;0;0;0;0;14;0;45257;1;0;0;206749;280420;44047;0;4002;3976;3976;3976;3974;3974;3070;3070;3060;3060;3060;3060;3060;3060;3060;3060;3060;3060;3060;3060;73559;3525;762;4930;1722;26;6202;0;0;0;0;0;0;0;0;0;0;0;0;0;0;0;0;0;0;0;0;0;0;0;0;0;0;0;0;0;0;0;0;0;0;0;0;0;40;0;0;0;0;0;36;0;0;0;0;30600;0;454;1680;780;0;0;0;150;0;7994;72824;5;0;0;0;3661;0;0;0;0;0;3671;0;1;98;Mathe-Stars 4 Grundwissen;Oldenbourg bsv;Oldenbourg bsv;736;;1dbc30e6b55f82742e48f46eee8a761e;c43990d18af1a6f446ff5ce01e0ae23b;;en
05173;826;808;2428;1374;0;0;0;0;1345;80;1070;0;0;0;224;166;0;0;0;0;52;0;2282;0;0;0;3579;5276;974;0;12;12;12;12;12;12;0;0;0;0;0;0;0;0;0;0;0;0;0;0;0;0;0;0;0;0;0;0;0;3;3;3;3;3;3;3;0;0;0;0;0;0;0;0;0;0;0;0;0;40;8;4;0;0;0;0;0;0;0;987;0;0;0;0;0;0;0;0;0;0;156;72;7;0;82;3;0;0;0;0;0;0;0;0;0;2713;380;34;0;0;0;38;0;0;0;14;14;45;7;1;99;Diktat-Stars 1 / 2;Oldenbourg bsv;Oldenbourg bsv;697;;ea46cb076d52624ae86d2e97402fc8e7;65f1b839157592acc7d58a381f8ecfb5;;en
05174;702;678;3690;2626;0;0;0;0;2558;143;2159;0;0;0;324;226;0;0;0;0;72;0;3669;0;0;0;5934;9256;955;0;28;28;28;28;28;28;0;0;0;0;0;0;0;0;0;0;0;0;0;0;0;0;0;0;0;0;0;0;0;3;3;3;3;3;3;3;3;0;0;0;0;0;0;0;0;0;0;0;0;80;26;6;0;0;0;0;0;0;0;2017;0;0;0;0;0;0;0;0;0;0;202;168;15;0;112;7;0;0;0;0;0;0;0;0;0;3609;508;70;0;0;0;50;0;0;0;16;16;65;8;1;99;Diktat-Stars 3;Oldenbourg bsv;Oldenbourg bsv;698;;24139d717116016321f4bbe5900ec666;1d35e95a16ed06b59e9a778cfdd4db00;;en
05175;693;678;4850;3810;0;0;0;0;3781;109;3337;0;0;0;364;280;0;0;0;0;83;0;5427;0;0;0;8352;13948;419;0;12;12;12;12;12;12;0;0;0;0;0;0;0;0;0;0;0;0;0;0;0;0;0;0;0;0;0;0;0;3;3;3;6;3;3;3;3;0;0;0;0;0;0;0;0;0;0;0;0;30;8;4;0;0;0;0;0;0;0;3225;0;0;0;0;0;0;0;0;0;0;269;72;7;0;140;3;0;0;0;0;0;0;0;0;0;4209;660;34;0;0;0;66;0;0;0;18;18;73;9;1;99;Diktat-Stars 4;Oldenbourg bsv;Oldenbourg bsv;711;;fde29c7dc5d77630fa9967477213aa35;9e37933372541abbe917963001c69a28;;en
05180;311;0;593;297;0;0;0;0;6;297;0;0;0;0;0;0;0;0;0;0;0;0;310;0;0;0;303;1200;0;0;287;13;12;7;7;11;7;7;7;7;7;7;7;7;7;7;7;7;7;7;7;7;7;7;7;7;7;7;7;7;7;7;7;7;7;7;7;7;7;7;7;7;7;7;7;7;7;7;7;7;7;7;7;7;7;7;7;7;7;7;7;7;7;7;7;7;7;7;7;7;7;7;7;7;7;7;7;7;7;7;7;7;7;7;7;0;0;0;0;0;0;0;0;0;0;0;0;0;0;1;85;Highlights High Five (English Ting Edition) V;Highlights for Children, Inc.;Christine French Cully;556;;c1468b75fefb732733c1fc03caed51a0;a56fc79924a784b3d3c33e2176743c84;;en
05181;204;0;3;603;0;0;0;0;603;603;0;0;0;0;0;0;0;0;0;0;0;0;606;0;0;0;1206;1212;0;0;606;0;0;0;0;0;0;0;0;0;0;0;0;0;0;0;0;0;0;0;0;0;0;0;0;0;0;0;0;0;0;0;0;0;0;0;0;0;0;0;0;0;0;0;0;0;0;0;0;0;0;0;0;0;0;0;0;0;0;0;0;0;0;0;0;0;0;0;0;0;0;0;0;0;0;0;0;0;0;0;0;0;0;0;0;0;0;0;0;0;0;0;0;0;0;0;0;0;0;1;1;WAS IST WAS Columbus Globus Abenteuer Erde;Tessloff;Tessloff;1471;;ec0af02fb89691d183824093ea08b9c4;db622f239867b93461dd160e73c3927a;630edd4bcb234d09279827e937457331;en
05197;674;0;766;769;0;0;0;0;8;769;0;0;0;0;0;0;0;0;0;0;0;0;600;0;0;0;777;2135;0;0;574;129;60;20;19;22;9;9;9;9;9;9;9;9;9;9;9;9;9;9;9;9;9;9;9;9;9;9;9;9;9;9;9;9;9;9;9;9;9;9;9;9;9;9;9;9;9;9;9;9;9;9;9;9;9;9;9;9;9;9;9;9;9;9;9;9;9;9;9;9;9;9;9;9;9;9;9;9;9;9;9;9;9;9;9;0;0;0;0;0;0;0;0;0;0;0;0;0;0;1;85;Highlights (English Ting Edition) Volume 1, I;Highlights for Children, Inc.;Christine French Cully;656;;ee54d7c4568930380c225d94d55f4313;a283ec9d7c57b5c598165aaf7a80c434;;en
05198;214;0;2;212;0;0;0;0;0;212;0;0;0;0;0;0;0;0;0;0;0;0;214;0;0;0;212;428;0;0;214;0;0;0;0;0;0;0;0;0;0;0;0;0;0;0;0;0;0;0;0;0;0;0;0;0;0;0;0;0;0;0;0;0;0;0;0;0;0;0;0;0;0;0;0;0;0;0;0;0;0;0;0;0;0;0;0;0;0;0;0;0;0;0;0;0;0;0;0;0;0;0;0;0;0;0;0;0;0;0;0;0;0;0;0;0;0;0;0;0;0;0;0;0;0;0;0;0;0;1;1;Highlights High Five (English Ting Edition) V;Highlights for Children, Inc.;Christine French Cully;572;;96f07774e8e9222f6f3e85c30032488c;09cee20b78bcc3adf21919cc1a6b14cb;;en
05199;265;0;341;340;0;0;0;0;3;340;0;0;0;0;0;0;0;0;0;0;0;0;223;0;0;0;343;904;0;0;214;84;9;4;4;4;4;4;46;4;8;4;4;4;4;4;4;4;4;4;4;4;4;4;4;4;4;4;4;4;4;4;4;4;4;4;4;4;4;4;4;4;4;4;4;4;4;4;4;4;4;4;4;4;4;4;4;4;4;4;4;4;4;4;4;4;4;4;4;4;4;4;4;4;4;4;4;4;4;4;4;4;4;4;4;0;0;0;0;0;0;0;0;0;0;0;0;0;0;1;85;Highlights High Five (English Ting Edition) V;Highlights for Children, Inc.;Christine French Cully;623;;e3be9db603c9c3d9b11a9735691023ce;f097efc8e98b26786fa2bbdfc546c355;;en
05200;966;2;4;2548;0;0;0;0;0;2548;172;0;0;0;0;30;0;0;0;0;0;0;52;0;0;0;2722;2634;0;0;40;80;0;0;0;0;0;0;0;0;0;0;0;0;0;0;0;0;0;0;0;0;0;0;0;0;0;0;0;0;0;0;0;0;0;0;0;0;0;0;0;0;0;0;0;0;0;0;0;0;0;0;0;0;0;0;0;0;0;0;0;0;0;0;0;0;0;0;0;0;0;0;0;0;0;0;0;0;0;0;0;0;0;0;0;0;0;0;2462;0;0;0;0;0;0;0;0;0;0;1;89;Das Geheimnis in der Kiste;Lingen Verlag;Birgit Ebbert;788;;7e674607e9151da83e2ec77a6002a666;b6fdc6775462bcb5ebf7ccdcb7d4e5c4;0380fe26416f209db301e4c325165de1;en
05201;402;475;5152;3073;0;0;0;0;2802;1339;676;3;0;0;1055;449;0;0;0;0;22;0;2581;0;0;0;6372;9935;1320;0;87;89;51;24;22;4;4;2;2;2;246;246;246;246;246;0;0;0;0;0;600;714;160;635;260;198;769;0;0;195;195;0;0;0;0;0;0;0;0;0;0;0;0;0;0;0;0;0;0;0;0;0;0;0;0;0;0;0;0;0;0;0;0;0;0;0;0;0;0;718;0;0;0;0;0;0;0;0;0;286;12;0;0;0;0;596;0;1055;0;0;0;563;0;0;0;0;0;686;0;1;98;Bibi und das Drachenbaby/Mein Ting-Lese-Lernb;Klett;Matthias von Bornstädt mit Bildern von Linda Kohlbaum;746;;075e1b00f03404dc7cea85cdaf3275cf;827b3a0ea22e150dd2207bec25c09d74;aa79276b14f85a436a6b633eeb05f480;en
05202;421;434;91778;73019;5209;0;0;0;36255;49176;21641;308;0;371;5209;2772;308;0;0;0;1;0;6600;387;0;0;113395;148356;31717;1054;4922;0;0;0;0;0;0;0;0;5129;3754;105;0;0;0;0;0;0;13016;5437;4826;1676;1085;595;301;301;203;203;105;413;721;721;721;721;721;721;721;721;721;1544;2772;0;0;0;0;0;0;0;0;0;0;0;0;0;0;0;0;0;0;18876;18876;18876;18876;12;0;0;0;0;0;35477;0;0;0;0;0;0;0;0;0;371;805;0;0;0;0;0;0;0;0;0;0;910;0;0;308;0;0;5209;1176;0;99;Bibi und der Turbo-Besen/Mein Ting-Lese-Lernb;Klett;Vincent Andreas mit Bildern von Linda Kohlbaum;748;;caf79ec89a6b30322c7cb96b79942c4f;39d43b28d690070e27ceb43d14bbbb9d;5c03a6570934c8fa5d7916a06349db1a;en
05204;1597;2;4;4504;0;0;0;0;0;4504;142;0;0;0;0;33;0;0;0;0;0;0;56;0;0;0;4648;4597;0;0;44;88;0;0;0;0;0;0;0;0;0;0;0;0;0;0;0;0;0;0;0;0;0;0;0;0;0;0;0;0;0;0;0;0;0;0;0;0;0;0;0;0;0;0;0;0;0;0;0;0;0;0;0;0;0;0;0;0;0;0;0;0;0;0;0;0;0;0;0;0;0;0;0;0;0;0;0;0;0;0;0;0;0;0;0;0;0;0;4409;0;0;0;0;0;0;0;0;0;0;1;89;Das Rätsel des verlorenen Steins;Lingen Verlag;Birgit Ebbert;786;;e9a48d8075df8be4b488cd0e4b4bde5d;a179bfb6260b75a9e648ee6e7a469773;;en
05209;219;0;256;299;0;0;0;0;2;299;0;0;0;0;0;0;0;0;0;0;0;0;198;0;0;0;301;753;0;0;196;83;25;8;3;3;3;3;3;3;3;3;3;3;3;3;3;3;3;3;3;3;3;3;3;3;3;3;3;3;3;3;3;3;3;3;3;3;3;3;3;3;3;3;3;3;3;3;3;3;3;3;3;3;3;3;3;3;3;3;3;3;3;3;3;3;3;3;3;3;3;3;3;3;3;3;3;3;3;3;3;3;3;3;3;0;0;0;0;0;0;0;0;0;0;0;0;0;0;1;85;Highlights High Five (English Ting Edition) V;Highlights for Children, Inc.;Christine French Cully;650;;b5532f8b10f7dc11c758f081a05532b1;276595f4e7c530f1bd4996841c547d04;;en
05213;297;0;4;1172;0;0;0;0;1172;1172;0;0;0;0;0;0;0;0;0;0;0;0;1176;0;0;0;2344;2352;0;0;1176;0;0;0;0;0;0;0;0;0;0;0;0;0;0;0;0;0;0;0;0;0;0;0;0;0;0;0;0;0;0;0;0;0;0;0;0;0;0;0;0;0;0;0;0;0;0;0;0;0;0;0;0;0;0;0;0;0;0;0;0;0;0;0;0;0;0;0;0;0;0;0;0;0;0;0;0;0;0;0;0;0;0;0;0;0;0;0;0;0;0;0;0;0;0;0;0;0;0;1;1;Columbus Impfglobus;Columbus-Verlag;Columbus-Verlag Paul Oestergaard GmbH;938;;91d0f56b8a093208fc84bfb86cc06207;10109354870d2dfceb50b20f4d94c1f5;;en
05217;2187;0;21010;39263;42;0;0;0;37712;33584;2387;0;0;0;3292;2072;38;0;0;0;79;0;49506;0;0;0;77054;108909;3022;0;161;157;161;157;157;157;153;137;125;113;75;71;67;71;63;55;55;55;47;158;179;195;181;183;186;188;184;150;149;87;51;51;49;49;47;49;47;49;47;49;0;0;0;0;0;0;0;0;0;0;0;0;0;0;0;0;0;0;0;0;0;0;0;0;0;0;0;0;1889;6061;307;435;170;0;0;0;103;0;396;3781;4149;0;0;0;24779;0;0;3850;0;0;0;5522;0;0;0;1881;1715;1429;1593;1;99;Mein tierisch tolles Bildwörterbuch Türkisch;Langenscheidt;Gila Hoppenstedt / Ina Worms;1025;;15b3c76dc373cf190dd8c7266cf5c0a3;aecc5304c7567df69acccb474e12065e;;en
05218;2185;0;22220;39318;42;0;0;0;37358;33707;2261;0;0;0;3350;2069;36;0;0;0;79;0;50036;0;0;0;76755;110671;3050;0;161;161;161;153;153;157;153;141;125;113;75;71;71;71;63;55;55;55;47;158;391;407;393;395;398;400;396;264;263;201;51;51;49;49;47;49;47;49;47;49;0;0;0;0;0;0;0;0;0;0;0;0;0;0;0;0;0;0;0;0;0;0;0;0;0;0;0;0;1885;6052;220;435;170;0;0;0;185;0;280;3776;4143;0;0;0;25045;0;0;3912;0;0;0;5109;0;0;0;1591;1637;1459;1591;1;99;Mein tierisch tolles Bildwörterbuch Spanisch;Langenscheidt;Gila Hoppenstedt / Ina Worms;896;;b0260efc2653a8e69a42e3c2008b56be;63f1553787a989e7aa4fae43a03852f9;;en
05219;2184;0;22225;39417;42;0;0;0;37458;33806;2261;0;0;0;3350;2069;36;0;0;0;79;0;50163;0;0;0;76954;110902;3050;0;161;161;161;157;157;157;153;141;125;113;75;71;71;71;63;55;55;55;47;158;391;407;393;395;398;400;396;264;263;201;51;51;49;49;47;49;47;49;47;49;0;0;0;0;0;0;0;0;0;0;0;0;0;0;0;0;0;0;0;0;0;0;0;0;0;0;0;0;1885;6088;220;435;170;0;0;0;185;0;280;3775;4141;0;0;0;25109;0;0;3912;0;0;0;5108;0;0;0;1591;1637;1459;1591;1;99;Mein tierisch tolles Bildwörterbuch Französis;Langenscheidt;Gila Hoppenstedt / Ina Worms;888;;0e9b945eac06413a6f89c1f67686e219;2a8d63b29653b461f2e6c6b157a200da;;en
05220;2184;0;22225;39417;42;0;0;0;37458;33806;2261;0;0;0;3350;2069;36;0;0;0;79;0;50163;0;0;0;76954;110902;3050;0;161;161;161;157;157;157;153;141;125;113;75;71;71;71;63;55;55;55;47;158;391;407;393;395;398;400;396;264;263;201;51;51;49;49;47;49;47;49;47;49;0;0;0;0;0;0;0;0;0;0;0;0;0;0;0;0;0;0;0;0;0;0;0;0;0;0;0;0;1885;6088;220;435;170;0;0;0;185;0;280;3775;4141;0;0;0;25109;0;0;3912;0;0;0;5108;0;0;0;1591;1637;1459;1591;1;99;Mein tierisch tolles Bildwörterbuch Englisch;Langenscheidt;Gila Hoppenstedt / Ina Worms;880;;6a104f1eea043eed636f7b1a15f3c6d3;9bb27b4261c6d49334de9090c63e4671;;en
05221;2184;0;22225;39417;42;0;0;0;37458;33806;2261;0;0;0;3350;2069;36;0;0;0;79;0;25135;0;0;0;76954;85874;3050;0;161;161;161;157;157;157;153;141;125;113;75;71;71;71;63;55;55;55;47;158;391;407;393;395;398;400;396;264;263;201;51;51;49;49;47;49;47;49;47;49;0;0;0;0;0;0;0;0;0;0;0;0;0;0;0;0;0;0;0;0;0;0;0;0;0;0;0;0;1885;6088;220;435;170;0;0;0;185;0;280;3775;4141;0;0;0;25109;0;0;3912;0;0;0;5108;0;0;0;1591;1637;1459;1591;1;99;Mein tierisch tolles Bildwörterbuch Deutsch;Langenscheidt;Gila Hoppenstedt / Ina Worms;886;;0fe7c47f3ef1a10a070a0cf960657856;183e58e180a10da7de1e62cadfc28b67;;en
05222;5967;0;5;29810;0;0;0;0;29810;29810;0;0;0;0;0;0;0;0;0;0;0;0;29815;0;0;0;59620;59630;0;0;29815;0;0;0;0;0;0;0;0;0;0;0;0;0;0;0;0;0;0;0;0;0;0;0;0;0;0;0;0;0;0;0;0;0;0;0;0;0;0;0;0;0;0;0;0;0;0;0;0;0;0;0;0;0;0;0;0;0;0;0;0;0;0;0;0;0;0;0;0;0;0;0;0;0;0;0;0;0;0;0;0;0;0;0;0;0;0;0;0;0;0;0;0;0;0;0;0;0;0;1;1;Brockhaus Bildwörterbuch International;Brockhaus;Brockhaus;728;;7288a72df720482c0c9bc7a164b38283;72fa7e15c06724cc75a8ea3c0ed6f653;2abedd674322ceaeb5fc1f8c8ed8707a;en
05230;427;427;429;452;0;0;0;0;441;25;427;0;0;0;0;0;0;0;0;0;0;0;442;0;0;0;1320;1323;0;0;0;0;0;0;0;0;0;0;0;0;0;0;0;0;0;0;0;0;0;0;0;0;0;0;0;0;0;0;0;0;0;0;0;0;0;0;0;0;0;0;0;0;0;0;0;0;0;0;0;0;0;0;0;0;0;0;0;0;0;0;0;0;0;0;0;0;0;0;0;0;0;0;0;0;0;0;0;0;0;854;27;0;0;0;0;0;0;0;0;0;0;0;0;0;0;0;0;0;0;80;81;WAS IST WAS Junior Erlebe die Natur!;Tessloff;Claudia Kaiser & Martin Lickleder (Autoren), Stefanie Klaßen (Illustratorin);796;;973c875ec0e5fba0bf67ab1bf1fc06a0;7145832548af7bba07ad4f25f5bb5d51;;en
05231;375;409;454;829;0;0;0;0;1196;464;365;0;0;0;0;28;0;0;0;0;0;0;996;0;0;0;2434;2307;0;0;39;27;25;9;8;10;4;2;2;2;2;2;2;2;2;2;0;0;0;0;0;0;0;0;0;0;0;0;0;0;0;0;0;0;0;0;0;0;0;0;0;0;0;0;0;0;0;0;0;0;0;0;0;0;0;0;0;0;0;0;0;0;0;0;0;0;0;0;0;375;50;7;0;0;0;0;0;0;0;739;0;0;0;0;0;0;0;0;0;0;0;0;0;0;0;0;0;0;0;1;80;WAS IST WAS Junior Im Einsatz! Polizei & Feue;Tessloff;Claudia Kaiser & Martin Lickleder (Autoren), Max Walther (Illustratorin);1409;;b2b8064d40a5951166b539040202b742;5573541e1d47791858480b90ce62bd65;a1d310ff387ccf0fa9159d6fdefb2f7d;en
05232;385;351;1808;2458;0;0;0;0;1726;1835;543;0;80;0;0;53;0;0;0;0;3;0;528;0;0;0;4538;3722;1125;719;12;671;0;0;0;0;0;0;0;53;48;0;90;590;236;0;0;0;0;25;25;25;25;25;25;25;25;25;25;25;25;25;25;25;25;25;25;25;0;5;5;5;5;0;0;0;0;0;0;0;0;0;0;0;0;0;0;0;0;0;0;0;0;0;0;0;0;0;0;0;0;0;0;0;0;0;0;0;0;4;0;0;0;0;0;0;0;0;0;0;0;351;0;0;1050;0;0;0;0;0;95;WAS IST WAS Junior Unterwegs mit großen Fahrz;Tessloff;Claudia Kaiser & Martin Lickleder (Autoren), Christian & Fabian Jeremies, Dirk Hennig, Max Walther, Daniela Pohl (Illustratoren);844;;6d7bfa90bc50c91736f61b6f89085886;a2bb867c63559839208b4a30a0f049a2;;en
05233;812;820;1707;1655;0;0;0;0;904;848;807;0;0;0;0;7;0;0;0;0;0;0;908;0;0;0;3379;4277;0;1;10;10;10;8;6;6;6;6;5;3;3;3;3;0;0;0;0;0;0;0;0;0;0;0;0;0;0;0;0;0;0;0;0;0;0;0;0;0;0;0;0;0;0;0;0;0;0;0;0;0;0;0;0;0;0;0;0;0;0;0;0;0;0;0;0;0;0;0;0;810;22;0;0;0;0;0;0;0;0;1618;0;0;0;0;0;0;0;0;0;0;0;839;0;0;0;0;0;0;0;0;92;WAS IST WAS Junior Entdecke die Welt!;Tessloff;Claudia Kaiser & Martin Lickleder (Autoren), Stefan Seidel, Christian & Fabian Jeremies (Illustratoren);1566;;f8b7ca26eab2bb9b4e979bcdf255947e;8d86d583fc50c9efaf2373fdf6c75960;;en
05239;941;1322;8441;10504;0;0;0;0;11957;4718;1575;0;0;4215;0;29;0;0;0;0;5;0;7143;0;0;0;23792;24896;1221;0;442;434;426;380;327;252;162;127;91;78;64;64;64;64;64;64;64;64;64;64;64;3351;64;64;64;64;64;64;64;0;0;0;0;0;0;0;0;0;0;0;0;0;0;0;0;0;0;0;0;0;0;0;0;0;0;0;0;0;0;0;0;0;0;0;0;0;0;0;0;0;0;0;0;0;0;0;0;0;0;1989;1830;2439;58;928;0;0;0;3287;0;0;0;0;0;0;0;0;0;1221;0;1;98;Mein TING-Vorschulbuch mit Bibi Blocksberg;Klett;Klett;839;;f7788a0298199cc8a0d391f6217ed24c;e982184b781312809bdf1cfb617bfe97;;en
05240;431;556;4185;5449;0;0;0;0;6611;2964;467;0;0;2018;0;520;0;0;0;0;22;0;3517;0;0;0;12638;12725;946;0;170;171;131;132;27;20;20;12;12;12;0;0;0;0;0;0;0;0;0;0;0;2018;0;0;0;0;0;0;0;0;0;0;0;0;0;0;0;0;0;196;196;196;196;196;0;0;0;0;0;612;0;0;0;0;0;0;0;0;0;0;0;0;0;0;0;0;0;0;0;0;0;0;0;0;0;0;0;0;0;1373;667;1331;0;0;0;0;0;1520;0;0;0;0;0;0;0;0;0;946;0;1;98;Mein TING-Lese-Lernbuch - Ein Elch zum Knudde;Klett;Klett;843;;f48e16c92f4cbd8f3ad76cbe56a96df1;04629e7557aabb2c81fd3955904572df;;en
05241;441;578;3612;4983;0;0;0;0;5732;2901;490;0;0;1592;0;550;0;0;0;0;19;0;3515;0;0;0;11312;11929;731;0;192;188;160;140;30;23;23;15;17;17;13;0;0;0;0;0;0;0;0;0;0;1592;0;0;0;0;0;0;0;0;0;0;0;0;0;0;0;0;0;208;208;208;208;208;0;0;0;0;0;648;0;0;0;0;0;0;0;0;0;0;0;0;0;0;0;0;0;0;0;0;0;0;0;0;0;0;0;0;0;1162;698;1394;0;0;0;0;0;1062;0;0;0;0;0;0;0;0;0;731;0;1;98;Wickie - Affentheater an Bord;Klett;Klett;832;;ae6ab2c772a86c2a9f8dab3907235363;f5e2724b7515c3a8d672d259a176f3a0;;en
05244;225;0;444;8;1;0;0;0;6;3;3;1;0;1;0;4;0;0;0;0;0;2;229;0;0;0;14;682;6;0;223;238;0;0;0;0;0;0;0;0;0;0;0;0;0;0;0;0;0;0;0;0;0;0;0;0;0;0;0;0;0;0;0;0;0;0;0;0;0;0;0;0;0;0;0;0;0;0;0;0;0;0;0;0;0;0;0;0;0;0;0;0;0;0;0;0;0;0;0;0;0;0;0;0;0;0;0;0;0;0;0;0;0;0;0;0;0;0;0;0;0;0;0;0;0;0;0;1;0;1;98;Die Wilde Welt Der Tiere;Der Kinderbrockhaus;Der Kinderbrockhaus;873;;eddbe42bda6ae5522fcfdc940501fc9c;2e90a0abb38cc352e7b2f030bc4144b8;;en
05246;1503;1544;13342;18357;1433;0;0;0;9721;9794;7130;0;0;0;1433;8;2866;0;0;0;11;0;9068;0;0;0;29633;39322;5752;33;248;304;301;250;271;242;242;191;219;159;143;114;79;57;49;40;27;22;27;40;93;209;163;265;98;214;171;258;103;256;162;267;108;191;118;189;86;188;63;188;23;122;27;123;34;60;36;84;37;116;7;60;36;93;32;63;8;122;41;4367;2875;98;9;63;9;98;9;63;7;88;32;83;24;74;53;88;278;2030;1728;2911;1471;9;30;1633;892;601;400;6964;6;0;0;0;0;0;0;7;9;1433;6;0;99;TING Rätselspaß für Vorschulkinder;tingplus;Carola Hoffmann / Christa Lippich;1494;;f1db499a4af6d499d8bcebffd2d1f738;2f9a1031e41f667ef587a1bf7d922f6b;;en
05249;1189;1168;4323;24496;0;0;0;0;27321;21004;1647;0;0;1789;56;593;0;0;0;0;63;0;24974;0;0;0;53048;52627;1759;0;0;0;37;1844;81;0;24;0;0;2;78;78;78;74;74;78;78;78;66;54;46;39;42;36;36;32;24;20;18;16;12;12;12;12;12;8;8;6;4;4;0;0;0;0;0;0;0;0;0;0;0;0;0;0;0;0;0;0;0;0;0;0;0;0;0;0;0;0;0;0;0;0;0;0;0;0;0;0;0;1106;0;0;0;21525;0;0;0;0;0;0;0;713;0;0;0;553;633;1206;553;3;99;Grundschulwörterbuch Englisch neu;Langenscheidt;Langenscheidt;1346;;a51b1faa0f5df0a092e38662fe64878f;fe202982af5e6879f90762a049888556;;en
05250;1189;1168;4351;24550;0;0;0;0;27431;21058;1647;0;0;1845;0;601;0;0;0;0;64;0;25028;0;0;0;53213;52763;1767;0;0;0;37;1844;81;0;24;0;0;2;78;78;78;74;78;78;78;78;66;54;46;39;42;36;36;32;24;20;18;16;12;12;12;12;12;8;8;6;4;4;0;0;0;0;0;0;0;0;0;0;0;0;0;0;0;0;0;0;0;0;0;0;0;0;0;0;0;0;0;0;0;0;0;0;0;0;0;0;0;1106;0;0;0;21579;0;0;0;0;0;0;0;721;0;0;0;561;641;1206;561;3;99;Grundschulwörterbuch Deutsch neu;Langenscheidt;Langenscheidt;987;;2c0192e267f3a451e66c674691b1d724;a00578b8b400dc6ff66b61d29bcce04e;;en
05251;1188;1168;4121;24387;0;0;0;0;27174;21018;1646;0;0;1723;0;603;0;0;0;0;62;0;24843;0;0;0;52791;52222;1732;0;0;0;62;1722;81;0;0;0;0;0;68;76;76;72;72;76;76;76;64;52;44;37;40;32;32;28;20;16;12;12;8;8;8;8;8;4;4;4;4;4;0;0;0;0;0;0;0;0;0;2;2;2;2;2;2;2;2;2;0;2;2;2;2;0;2;2;0;2;2;2;2;2;2;2;2;2;2;2;2;1106;0;0;0;21537;0;0;0;0;0;0;0;606;0;0;0;563;607;1169;563;3;99;Grundschulwörterbuch Französisch neu;Langenscheidt;Langenscheidt;1083;;4bec942480803c4d2294ff19fd3fb6ee;ac72518492382901e24cc629dd4ddfc3;;en
05252;506;582;1271;1427;0;0;0;0;1194;842;497;0;0;0;88;68;0;0;0;0;0;0;1191;8;0;0;3203;3957;8;0;56;44;38;31;19;12;9;9;9;9;9;9;0;0;0;0;0;0;0;0;0;0;0;0;0;0;0;0;0;0;14;14;14;14;14;14;14;14;14;14;14;14;0;0;0;0;0;0;0;0;0;0;0;0;0;0;0;0;0;88;0;0;0;0;0;0;0;0;0;506;232;0;0;0;0;0;0;0;0;1002;0;0;0;0;0;0;0;0;0;0;0;508;0;0;0;0;0;8;0;1;98;WAS IST WAS Junior Auf gehts zum Fussball;Tessloff;WAS IST WAS Junior;1342;;9b920eb8bc33b97a372aacf9a8e303ef;095972b32adae12e0a2f5698487c6f97;;en
05253;564;602;1495;1497;0;0;0;0;1771;822;555;0;0;0;120;54;0;0;0;0;0;0;1379;0;0;0;3870;4382;43;0;53;57;51;69;58;61;24;24;24;10;22;22;16;16;16;16;12;12;12;0;0;0;0;0;0;0;0;0;0;0;0;0;0;0;0;0;0;0;0;0;0;0;0;0;0;0;0;0;0;0;0;0;0;0;0;0;0;0;0;120;0;0;0;0;0;0;0;0;0;564;89;0;0;0;0;0;0;0;0;1118;0;0;0;0;0;0;0;0;0;0;0;564;0;0;0;0;0;16;0;1;98;WAS IST WAS Junior Abenteuer auf der Ritterbu;Tessloff;WAS IST WAS JUNIOR;1177;;1ab26780ab33dd67011d2afdf1d1fecf;428d86a58e091918edf8aa06ebed27a9;;en
05254;496;518;1205;1320;0;0;0;0;1347;762;489;0;27;0;42;110;0;0;0;0;0;0;1096;7;0;0;3185;3704;34;0;63;57;38;51;51;51;14;0;0;6;8;8;2;2;2;2;0;0;0;0;0;0;0;0;0;0;0;0;0;0;0;0;0;0;0;0;0;0;0;0;0;0;0;0;0;0;0;0;0;0;0;0;0;0;0;0;0;0;0;42;0;0;0;0;0;0;0;0;0;504;156;91;0;0;0;0;0;0;0;984;0;0;0;0;0;0;0;0;0;0;0;496;0;0;0;0;0;7;0;1;98;WAS IST WAS Junior Komm mit in den Zoo;Tessloff;WAS IST WAS Junior;1035;;30695d39b42abb48f231388e38265a24;b04ecd98791376cd1949b5416d127a27;;en
05255;992;4177;235228;154384;0;0;0;0;93103;100944;5703;0;0;47623;114;2840;0;0;0;0;57;0;82469;0;0;0;251721;472171;2750;0;2706;2706;3376;7073;11670;2832;3277;3171;2706;4774;6602;6604;6600;6594;6476;4482;6204;6200;6202;5908;5286;50324;5890;5888;5670;5670;5670;5670;5586;5888;3448;5280;3448;5280;3447;5279;4541;4541;4541;2709;2709;2709;4541;4541;3;3;3;3;3;3;3;3;1;0;0;0;0;0;0;33;29;33;33;27;8;0;0;0;0;0;0;0;0;0;0;30;0;0;0;37893;5374;50263;2706;2706;2706;13012;2706;2706;91;0;0;0;0;0;0;2707;2707;1937;1;1;99;Der große FELIX Weltatlas;Coppenrath Verlag;Annette Langen / Constanza Droop;1520;;4f41d785f8caf711667407d4ecde2932;cdf8744bb49bf2be3f476589719c7a3f;;en
05270;69;0;2;134;0;0;0;0;134;134;0;0;0;0;0;0;0;0;0;0;0;0;134;0;0;0;268;270;0;0;136;0;0;0;0;0;0;0;0;0;0;0;0;0;0;0;0;0;0;0;0;0;0;0;0;0;0;0;0;0;0;0;0;0;0;0;0;0;0;0;0;0;0;0;0;0;0;0;0;0;0;0;0;0;0;0;0;0;0;0;0;0;0;0;0;0;0;0;0;0;0;0;0;0;0;0;0;0;0;0;0;0;0;0;0;0;0;0;0;0;0;0;0;0;0;0;0;0;0;1;1;ITAR TASS;Columbus;Columbus;976;;b9235e1e66be0417553f845f67fd44ad;8a019014e0b1546405180a729493ac3b;;en
05271;384;1233;70448;46224;0;0;0;0;31201;34469;2110;0;0;9645;0;781;0;0;0;0;8;0;27473;0;0;0;78666;144512;414;0;935;935;1011;2349;3496;935;935;935;935;1693;1693;1695;1691;1691;1699;1685;1685;1685;1685;1675;937;10578;1673;1673;1673;1673;1673;1673;1673;1673;1673;1673;1673;1673;1673;1673;935;935;935;935;935;935;935;935;0;0;0;0;0;0;0;0;0;0;0;0;0;0;0;6;2;6;6;6;2;0;0;0;0;0;0;0;0;0;0;30;0;0;0;13484;1980;20425;935;935;935;1125;935;935;0;0;0;0;0;0;0;935;935;376;0;1;98;Felix Weltkarte;Coppenrath;Coppenrath;1197;;b501671e2304dcf12a4380770e6e9acf;045c6c7ef753079bdf0eb3df83aa6053;;en
05274;483;633;19992;5406;0;0;0;0;4105;3160;474;0;10;1;1761;440;0;0;0;0;0;0;4315;0;0;0;10144;29927;226;3;1598;1590;1583;1584;1576;1570;1405;1405;1399;1061;1183;1182;123;123;123;123;74;74;74;0;347;347;344;338;338;333;176;176;176;176;176;176;0;0;0;0;0;0;0;0;0;0;0;0;0;0;0;0;0;0;0;0;0;0;0;0;0;0;0;1761;0;0;0;0;0;0;0;0;0;483;360;801;204;90;0;0;0;0;0;956;0;0;0;0;0;0;0;0;0;0;0;0;0;0;0;0;0;226;0;0;231;WAS IST WAS Junior Achtung! Piraten an Bord!;Tessloff;Tatjana Marti, Claudia Kaiser & Martin Lickleder;1327;;5943e7bdfc5cd003c91577e6c88b62e3;e68f8482f8dddf97ad49a8677aad3968;;en
05275;344;496;2558;2000;0;0;0;0;1910;1336;330;0;0;0;334;300;0;0;0;0;0;0;2098;24;0;0;4406;6875;105;0;342;330;341;258;220;212;209;91;18;7;91;92;91;50;50;50;50;18;0;7;5;6;5;0;0;0;0;0;0;0;4;4;0;0;0;0;0;0;0;0;0;0;0;0;0;0;0;0;0;0;0;0;0;0;0;0;0;0;0;233;102;0;0;0;0;0;0;0;0;375;574;170;0;0;139;0;0;0;0;673;0;0;0;0;0;0;0;0;0;0;0;0;0;0;0;0;0;68;0;1;98;WAS IST WAS Junior Erlebe die Welt der Dinosa;Tessloff;Sabine Stauber, Claudia Kaiser & Martin Lickleder;1574;;e091fe17a2aeef19edcb16c021bcf996;e32c80609d66501532aa2b7f22613a66;;en
05277;648;648;762;1256;0;0;0;0;1904;0;648;0;0;0;608;0;0;0;0;0;0;0;1142;0;0;0;3808;3046;114;0;0;0;0;0;0;0;0;0;0;0;0;0;0;0;0;0;0;0;0;0;0;0;0;0;0;0;0;0;0;0;0;0;0;0;0;0;0;0;0;0;0;0;0;0;0;0;0;0;0;0;0;0;0;0;0;0;0;0;0;608;0;0;0;0;0;0;0;0;0;0;0;0;0;0;0;0;0;0;0;1296;0;0;0;0;0;0;0;0;0;0;0;0;0;0;0;0;0;114;0;60;98;TING Englisch Block - Animals;Tessloff;Tessloff;1341;;d15bd7bbefd3d7a7284630d551678bfc;030bb704075239bee468995e880ca7fe;;en
05278;648;648;762;1256;0;0;0;0;1904;0;648;0;0;0;608;0;0;0;0;0;0;0;1142;0;0;0;3808;3046;114;0;0;0;0;0;0;0;0;0;0;0;0;0;0;0;0;0;0;0;0;0;0;0;0;0;0;0;0;0;0;0;0;0;0;0;0;0;0;0;0;0;0;0;0;0;0;0;0;0;0;0;0;0;0;0;0;0;0;0;0;608;0;0;0;0;0;0;0;0;0;0;0;0;0;0;0;0;0;0;0;1296;0;0;0;0;0;0;0;0;0;0;0;0;0;0;0;0;0;114;0;60;98;TING Englisch Block - In Town;Tessloff;Tessloff;1332;;c61e6401a56e9a268b48dae5ca723697;b9260db19a6b38d86241f5c3467991ea;;en
05279;648;648;762;1256;0;0;0;0;1904;0;648;0;0;0;608;0;0;0;0;0;0;0;1142;0;0;0;3808;3046;114;0;0;0;0;0;0;0;0;0;0;0;0;0;0;0;0;0;0;0;0;0;0;0;0;0;0;0;0;0;0;0;0;0;0;0;0;0;0;0;0;0;0;0;0;0;0;0;0;0;0;0;0;0;0;0;0;0;0;0;0;608;0;0;0;0;0;0;0;0;0;0;0;0;0;0;0;0;0;0;0;1296;0;0;0;0;0;0;0;0;0;0;0;0;0;0;0;0;0;114;0;60;98;TING Englisch Block - At Home;Tessloff;Tessloff;1340;;d93ac65965bd8441a3cb540c6ee5e38e;e1fac3aca09af9378b3ad0b178be35bb;;en
05280;648;648;762;1256;0;0;0;0;1904;0;648;0;0;0;608;0;0;0;0;0;0;0;1142;0;0;0;3808;3046;114;0;0;0;0;0;0;0;0;0;0;0;0;0;0;0;0;0;0;0;0;0;0;0;0;0;0;0;0;0;0;0;0;0;0;0;0;0;0;0;0;0;0;0;0;0;0;0;0;0;0;0;0;0;0;0;0;0;0;0;0;608;0;0;0;0;0;0;0;0;0;0;0;0;0;0;0;0;0;0;0;1296;0;0;0;0;0;0;0;0;0;0;0;0;0;0;0;0;0;114;0;60;98;TING Englisch Block - At School;Tessloff;Tessloff;1339;;2cff623491c35095c2682d75f1f18d27;5e20f71a1d592e770044c0273e2a591b;;en
05289;322;580;2787;2895;0;0;0;0;2724;1912;314;0;0;0;669;367;0;0;0;0;0;0;3090;0;0;0;6199;8978;161;0;143;141;141;96;96;96;69;93;69;67;94;95;58;55;26;28;3;3;3;3;106;93;94;91;74;71;71;71;71;71;91;94;58;57;42;42;0;0;0;0;2;2;2;2;2;2;2;2;2;2;2;2;0;0;0;0;0;0;0;648;21;0;0;0;0;0;0;0;0;363;803;210;0;0;486;169;0;0;0;636;0;0;0;0;0;0;0;0;0;0;0;72;0;0;0;0;0;95;0;1;98;Mein Uhrenbuch (TING-Ausgabe);Tessloff;Tessloff;1338;;48b7f46c8545d8e299b1a08d6379e080;c25d276b97ded1b7de2f6bebcfeefc72;;en
05292;1189;1168;4323;24496;0;0;0;0;27321;21004;1647;0;0;1789;56;593;0;0;0;0;63;0;24974;0;0;0;53048;52627;1759;0;0;0;37;1844;81;0;24;0;0;2;78;78;78;74;74;78;78;78;66;54;46;39;42;36;36;32;24;20;18;16;12;12;12;12;12;8;8;6;4;4;0;0;0;0;0;0;0;0;0;0;0;0;0;0;0;0;0;0;0;0;0;0;0;0;0;0;0;0;0;0;0;0;0;0;0;0;0;0;0;1106;0;0;0;21525;0;0;0;0;0;0;0;713;0;0;0;553;633;1206;553;3;99;Grundschulwörterbuch Englisch (Kooperation);Langenscheidt Verlag, Westermann, Schroedel, Diesterweg;Gila Hoppenstedt, Karen Richardson;1368;;15a6168463df4a6d1d397ca3b172ffdf;6c7d49ccce3bf1f126478526be9c2de4;;en
05298;18;0;3;45;0;0;0;0;45;45;0;0;0;0;0;0;0;0;0;0;0;0;48;0;0;0;90;96;0;48;0;0;0;0;0;0;0;0;0;0;0;0;0;0;0;0;0;0;0;0;0;0;0;0;0;0;0;0;0;0;0;0;0;0;0;0;0;0;0;0;0;0;0;0;0;0;0;0;0;0;0;0;0;0;0;0;0;0;0;0;0;0;0;0;0;0;0;0;0;0;0;0;0;0;0;0;0;0;0;0;0;0;0;0;0;0;0;0;0;0;0;0;0;0;0;0;0;0;0;0;0;Hymer;Columbus;Columbus;1216;;d18af3e988691ac825127ad955b94739;9f75dc4c84f170c0fe99c7ab5765e015;;en
05309;205;210;212;416;0;0;0;0;619;214;202;0;0;0;0;5;0;0;0;0;0;0;429;0;0;0;1245;1062;0;0;4;4;2;2;0;0;0;0;0;0;0;0;0;0;0;0;0;0;0;0;0;0;0;0;0;0;0;0;0;0;0;0;0;0;0;0;0;0;0;0;0;0;0;0;0;0;0;0;0;0;0;0;0;0;0;0;0;0;0;0;0;0;0;0;0;0;0;0;0;205;10;0;0;0;0;0;0;0;0;406;0;0;0;0;0;0;0;0;0;0;0;0;0;0;0;0;0;0;0;1;80;WAS IST WAS Abenteuer Freizeit - Mach mit!;Tessloff;Tessloff;1296;;fbcd001c9b5055906e0b4bb9c081caf3;51949d6f548523f92e6bc18d3d224d2f;;en
05310;66;66;66;132;0;0;0;0;198;66;66;0;0;0;0;0;0;0;0;0;0;0;132;0;0;0;396;330;0;0;0;0;0;0;0;0;0;0;0;0;0;0;0;0;0;0;0;0;0;0;0;0;0;0;0;0;0;0;0;0;0;0;0;0;0;0;0;0;0;0;0;0;0;0;0;0;0;0;0;0;0;0;0;0;0;0;0;0;0;0;0;0;0;0;0;0;0;0;0;66;0;0;0;0;0;0;0;0;0;132;0;0;0;0;0;0;0;0;0;0;0;0;0;0;0;0;0;0;0;70;80;WAS IST WAS Abenteuer Freizeit - Sammle mit!;Tessloff;Tessloff;1333;;3cf5da4ca222bf9d79400c36bfb23ff5;1e1338f3affd2d051dabcab0a57a6f76;;en
05352;159;159;159;318;0;0;0;0;477;159;159;0;0;0;0;0;0;0;0;0;0;0;318;0;0;0;954;795;0;0;0;0;0;0;0;0;0;0;0;0;0;0;0;0;0;0;0;0;0;0;0;0;0;0;0;0;0;0;0;0;0;0;0;0;0;0;0;0;0;0;0;0;0;0;0;0;0;0;0;0;0;0;0;0;0;0;0;0;0;0;0;0;0;0;0;0;0;0;0;159;0;0;0;0;0;0;0;0;0;318;0;0;0;0;0;0;0;0;0;0;0;0;0;0;0;0;0;0;0;70;80;Erlebe die Natur! - SA für McDonald's;Tessloff;Tessloff;1405;;28672dcaadab578dc04c3427afd4b627;6f96fde3798a59fb3b68ac14e866eaa1;;en
05354;5967;0;5;29810;0;0;0;0;29810;29810;0;0;0;0;0;0;0;0;0;0;0;0;29815;0;0;0;59620;59630;0;0;29815;0;0;0;0;0;0;0;0;0;0;0;0;0;0;0;0;0;0;0;0;0;0;0;0;0;0;0;0;0;0;0;0;0;0;0;0;0;0;0;0;0;0;0;0;0;0;0;0;0;0;0;0;0;0;0;0;0;0;0;0;0;0;0;0;0;0;0;0;0;0;0;0;0;0;0;0;0;0;0;0;0;0;0;0;0;0;0;0;0;0;0;0;0;0;0;0;0;0;1;1;Konuşan Sözlük;Kuşak Yayınları;---;1370;;257f4426a1cf776dbacfb7e34780eee1;b7f80b510da85cee017adc1ea4e2551f;;en
05358;425;425;793;1361;0;0;0;0;1762;960;401;0;0;0;0;0;0;0;0;0;0;0;1387;0;0;0;3548;3541;0;0;63;54;54;54;54;45;45;33;27;27;18;18;18;9;9;0;0;0;0;0;0;0;0;0;0;0;0;0;0;0;0;0;0;0;0;0;0;0;0;0;0;0;0;0;0;0;0;0;0;0;0;0;0;0;0;0;0;0;0;0;0;0;0;0;0;0;0;0;0;0;800;0;0;0;0;0;0;0;0;826;0;0;0;0;0;0;0;0;0;0;0;0;0;0;0;0;0;0;0;1;80;Wie heißt das auf Engisch und Französisch?;Tessloff;Sonja Meierjürgen;1543;;c6ba7da9e68469457ba08805923e078f;a2fad2a7e73eda4cd4aa48cf25437649;;en
05379;1503;1544;13342;18357;1433;0;0;0;9721;9794;7130;0;0;0;1433;8;2866;0;0;0;11;0;9068;0;0;0;29633;39322;5752;33;248;304;301;250;271;242;242;191;219;159;143;114;79;57;49;40;27;22;27;40;93;209;163;265;98;214;171;258;103;256;162;267;108;191;118;189;86;188;63;188;23;122;27;123;34;60;36;84;37;116;7;60;36;93;32;63;8;122;41;4367;2875;98;9;63;9;98;9;63;7;88;32;83;24;74;53;88;278;2030;1728;2911;1471;9;30;1633;892;601;400;6964;6;0;0;0;0;0;0;7;9;1433;6;0;99;TING Rätselspaß für Vorschulkinder;tingplus;Carola Hoffmann / Christa Lippich;1493;;663a2712c796a4f79d6a63ad2b93ed43;177164781c8d3b7b4952293b451b84b4;;en
05381;553;824;19169;4574;0;0;0;0;3791;3026;539;0;0;0;1009;614;0;0;0;0;0;0;3874;130;0;0;9189;27858;503;0;1119;1115;1092;1087;1079;976;932;875;876;875;807;807;807;781;570;549;533;513;515;513;511;511;0;0;0;0;0;0;0;0;102;102;102;102;102;102;102;102;102;102;76;76;76;76;46;46;46;46;46;46;46;46;0;0;0;0;0;0;0;1009;0;0;0;0;10;0;0;0;0;747;449;935;8;0;1261;0;0;0;0;1090;0;0;0;0;0;0;0;0;0;0;0;40;0;0;0;5;0;78;5;1;99;WIW Junior - Komm mit, wir gehen in die Schul;Tessloff;WAS IST WAS Junior;1632;;67b680050be510edb79325c5b26fdab6;f94e29eedc4264b6ccf4a41473889b3f;;en
05382;647;647;760;1249;0;0;0;0;1896;0;647;0;0;0;602;0;0;0;0;0;0;0;1136;0;0;0;3792;3032;113;0;0;0;0;0;0;0;0;0;0;0;0;0;0;0;0;0;0;0;0;0;0;0;0;0;0;0;0;0;0;0;0;0;0;0;0;0;0;0;0;0;0;0;0;0;0;0;0;0;0;0;0;0;0;0;0;0;0;0;0;602;0;0;0;0;0;0;0;0;0;0;0;0;0;0;0;0;0;0;0;1294;0;0;0;0;0;0;0;0;0;0;0;0;0;0;0;0;0;113;0;60;98;FIT für die Schule. TING. Vokabelquiz Englisc;Tessloff;Tessloff;1546;;f9cd67ab6b3cc03aa870fea217a58bb2;fa2ffb49a3379e2e857f7b7d5f6dd0a1;;en
05383;647;647;760;1250;0;0;0;0;1897;0;647;0;0;0;603;0;0;0;0;0;0;0;1137;0;0;0;3794;3034;113;0;0;0;0;0;0;0;0;0;0;0;0;0;0;0;0;0;0;0;0;0;0;0;0;0;0;0;0;0;0;0;0;0;0;0;0;0;0;0;0;0;0;0;0;0;0;0;0;0;0;0;0;0;0;0;0;0;0;0;0;603;0;0;0;0;0;0;0;0;0;0;0;0;0;0;0;0;0;0;0;1294;0;0;0;0;0;0;0;0;0;0;0;0;0;0;0;0;0;113;0;60;98;FIT für die Schule. TING. Vokabelquiz Englisc;Tessloff;Tessloff;1545;;e4fc869ae72c80819910eefc16eb6b95;17324104c2545f3051b5d48da7d013cf;;en
05388;211;0;5487;3444;0;0;0;0;5304;3317;1063;123;0;4;119;2864;0;0;0;0;0;0;5162;0;0;0;9930;16332;625;0;4;4;3;3;4;6;3;3;3;3;4;616;1409;2839;541;2010;467;351;318;318;318;478;938;318;318;3;3;3;3;3;3;3;3;3;3;12;3;6;3;3;3;3;3;3;6;12;3;3;3;3;3;3;3;3;4;4;3;3;3;3;0;0;0;0;0;0;0;0;0;0;0;0;0;0;0;0;0;0;0;0;0;0;0;0;0;0;0;0;0;0;0;178;0;0;207;0;0;0;0;1;95;Jeremiah der Prophet;Lichtzeichen;Lichtzeichen;1603;;6d0c582c23ea13d2d479d26e77f2b609;501d8eb9b8fee9172cc1d576de121427;;en
05389;211;0;5503;3478;0;0;0;0;5338;3350;1064;124;0;4;120;2889;0;0;0;0;0;0;5253;0;0;0;10000;16488;635;0;4;4;3;3;4;6;3;3;3;3;4;619;1415;2861;542;2029;475;354;319;319;319;489;939;319;319;3;3;3;3;3;3;3;3;3;3;3;3;6;3;3;3;3;3;3;6;12;3;3;3;3;3;3;3;3;4;4;3;3;3;3;0;0;0;0;0;0;0;0;0;0;0;0;0;0;0;0;0;0;0;0;0;0;0;0;0;0;0;0;0;0;0;178;0;0;212;0;0;0;0;1;95;Jeremiah the Prophet;Lichtzeichen;Lichtzeichen;1604;;a53a9eb8e62e4b3ef248dc72073bca90;cb4345635f246a1f3f432cd6a0354070;;en
05390;232;0;10179;3172;0;0;0;0;4319;3051;877;121;12;0;121;2211;0;0;0;0;0;0;3288;0;0;0;8501;17860;990;0;210;0;0;0;0;0;0;0;0;0;0;537;1264;1774;551;2151;427;395;385;375;355;501;817;429;323;297;193;193;193;0;0;0;0;0;0;0;0;0;0;0;245;237;221;209;201;201;197;193;193;0;199;193;193;193;193;193;193;193;193;0;0;0;0;0;0;0;0;0;0;0;0;0;0;0;0;0;0;0;0;0;0;0;0;0;0;0;0;0;0;0;0;386;0;0;166;0;0;0;0;1;95;Daniel der Prophet;Lichtzeichen;Nelli Frank;1601;;bb7cd91ddc82da211306a0517587c4d3;d024a61cda4e632dedaa5238d0cfbce2;;en
05391;206;0;6780;2103;0;0;0;0;3490;2015;601;72;0;0;72;1710;0;0;0;0;0;0;2692;0;0;0;6250;12617;668;0;121;0;0;0;6;0;0;0;0;0;0;388;985;1463;452;1452;256;265;247;247;227;228;607;227;241;56;56;53;26;0;0;0;0;0;0;0;0;0;0;0;196;172;156;148;144;144;144;144;144;0;174;156;150;144;144;144;144;144;144;0;0;0;0;0;0;0;0;0;0;0;0;0;0;0;0;0;0;0;0;0;0;0;0;0;0;0;0;0;0;0;0;144;0;0;110;0;0;0;0;1;95;Johannes der Täufer;Lichtzeichen;Nelli Frank;1599;;1f65850e3807def65c16051e500755ac;4db268426c9c7b038cf7d82a26456b78;;en
05392;177;0;6836;2044;0;0;0;0;3330;1948;558;84;0;0;84;1515;0;0;0;0;0;0;2572;0;0;0;6004;12358;609;0;92;0;0;0;0;0;0;0;0;0;0;434;925;1377;428;1443;239;239;239;239;239;239;572;239;239;41;41;41;0;0;0;0;0;0;0;0;0;0;0;0;198;194;182;174;158;154;150;146;146;0;164;146;146;146;146;146;146;146;146;0;0;0;0;0;0;0;0;0;0;0;0;0;0;0;0;0;0;0;0;0;0;0;0;0;0;0;0;0;0;0;0;146;0;0;109;0;0;0;0;1;95;Jesus - seine Geburt;Lichtzeichen;Nelli Frank;1598;;8195df216c74ea02817551bb0537de75;d63bd6026c279feadf49eeaaf072e884;;en
05504;14;0;2;24;0;0;0;0;12;24;0;0;0;0;0;0;0;0;0;0;0;0;26;0;0;0;36;52;0;0;26;0;0;0;0;0;0;0;0;0;0;0;0;0;0;0;0;0;0;0;0;0;0;0;0;0;0;0;0;0;0;0;0;0;0;0;0;0;0;0;0;0;0;0;0;0;0;0;0;0;0;0;0;0;0;0;0;0;0;0;0;0;0;0;0;0;0;0;0;0;0;0;0;0;0;0;0;0;0;0;0;0;0;0;0;0;0;0;0;0;0;0;0;0;0;0;0;0;0;1;1;Sound Sample;Winco Paper Products Co., Ltd.;Carol Tam;1363;;8ef9f3539fedc1906ba5026f8fa1df74;e379960ba080fe47d837754886da8c9b;;en
05509;62;13;691;790;0;0;0;0;507;376;387;0;0;52;0;153;0;0;0;0;0;0;171;0;0;0;1335;1772;33;0;0;0;0;0;0;0;0;0;0;0;0;0;0;0;0;0;0;0;0;0;0;0;0;0;0;0;0;0;0;0;0;0;0;0;0;0;0;0;0;44;44;44;44;44;24;0;0;0;0;120;120;120;120;110;63;27;27;18;0;50;44;44;44;39;12;0;0;0;0;33;21;176;0;0;0;0;0;0;18;0;0;0;0;0;0;0;0;63;86;0;0;0;0;0;0;0;0;51;0;40;98;Ting筆宣傳冊;HimmerWinco;HimmerWinco;1441;;f58daebec6693acf26cb8a4b144ff3e2;bef9d35f72722fbee2d63b92095110fc;;en
05525;3;1;6;9;0;0;0;0;5;2;7;0;0;0;0;0;0;0;0;0;0;0;4;0;0;0;15;19;0;0;0;0;0;0;0;0;0;0;0;0;0;0;0;0;0;0;0;0;0;0;0;0;0;0;0;0;0;0;0;0;0;0;0;0;0;0;0;0;0;0;0;0;0;0;0;0;0;0;0;0;0;0;0;0;0;0;0;0;0;0;0;0;0;0;0;0;0;0;0;0;0;0;0;0;0;0;0;0;0;0;6;5;0;0;0;0;0;0;4;0;0;0;0;0;0;0;0;0;0;81;89;X光探视系列;科学普及出版社;（澳）戈登·沃尔克;1215;;4d5f3033ef0551fa70719af7923527a6;19348daec43170563261c98493efbbce;;en
05531;19;2;45;48;0;0;0;0;26;14;34;0;0;0;0;0;0;0;0;0;0;0;38;0;0;0;76;131;0;0;0;0;0;0;0;0;0;0;0;0;0;0;0;0;0;0;0;0;0;0;0;0;0;0;0;0;0;0;0;0;0;0;0;0;0;0;0;0;0;0;0;0;0;0;0;0;0;0;0;0;0;0;0;0;0;0;0;0;0;0;0;0;0;0;0;0;0;0;0;0;0;0;0;0;0;0;0;0;0;0;21;6;0;0;0;0;0;33;33;0;0;0;0;0;0;0;0;0;0;81;89;男生女生系列;科学普及出版社;(澳）戴纳摩;1213;;b610a59353c34ed307d68ddc6af8557e;246170437d8a37a609e83b54b5cd80fc;;en
05533;20;0;66;98;0;0;0;0;56;40;58;0;0;0;0;0;0;0;0;0;0;0;46;0;0;0;154;210;0;0;0;0;0;0;0;0;0;0;0;0;0;0;0;0;0;0;0;0;0;0;0;0;0;0;0;0;0;0;0;0;0;0;0;0;0;0;0;0;0;0;0;0;0;0;0;0;0;0;0;0;0;0;0;0;0;0;0;0;0;0;0;0;0;0;0;0;0;0;0;0;0;0;0;0;0;0;0;0;0;0;70;34;0;0;0;0;0;30;30;0;0;0;0;0;0;0;0;0;0;81;89;彩泥捏捏系列;HimmerWinco;HimmerWinco;1428;;fa0c31fd2152b8d2108b151058b306f3;c37bcd9382c6be88b8549232e7141581;;en
05534;4;0;14;22;0;0;0;0;14;12;10;0;0;0;0;0;0;0;0;0;0;0;12;0;0;0;36;48;0;0;0;0;0;0;0;0;0;0;0;0;0;0;0;0;0;0;0;0;0;0;0;0;0;0;0;0;0;0;0;0;0;0;0;0;0;0;0;0;0;0;0;0;0;0;0;0;0;0;0;0;0;0;0;0;0;0;0;0;0;0;0;0;0;0;0;0;0;0;0;0;0;0;0;0;0;0;0;0;0;0;18;6;0;0;0;0;0;6;6;0;0;0;0;0;0;0;0;0;0;81;89;不一样的动画书系列;HimmerWinco;HimmerWinco;1369;;7f538a310ead091271bbcf2bda38f942;dd75544f911bebf28a8767f25419fc24;;en
05535;72;32;246;166;0;0;0;0;134;36;130;0;0;0;0;0;0;0;0;0;0;0;116;0;0;0;332;484;44;0;0;0;0;0;0;0;0;0;0;0;0;0;0;0;0;0;0;0;0;0;0;0;0;0;0;0;0;0;0;0;0;0;0;0;0;0;0;0;0;0;0;0;0;0;0;0;0;0;0;0;0;0;0;0;0;0;0;0;0;0;0;0;0;0;0;0;0;0;0;66;66;0;0;0;0;0;0;0;0;0;75;45;0;0;0;0;0;102;102;0;0;0;0;0;0;0;0;0;0;70;89;汉语1;HimmerWinco;HimmerWinco;1612;;8722a79656dfd3e95b1409a08b8e3763;fef4f7e7fe16a98101699512d93786f5;;en
05536;69;0;267;133;0;0;0;0;102;39;94;0;0;0;0;0;0;0;0;0;0;0;121;0;0;0;235;467;54;0;0;0;0;0;0;0;0;0;0;0;0;0;0;0;0;0;0;0;0;0;0;0;0;0;0;0;0;0;0;0;0;0;0;0;0;0;0;0;0;0;0;0;0;0;0;0;0;0;0;0;0;0;0;0;0;0;0;0;0;0;0;0;0;0;0;0;0;0;0;81;81;0;0;0;0;0;0;0;0;0;63;23;0;0;0;0;0;103;103;0;0;0;0;0;0;0;0;0;0;70;89;中文1;HimmerWinvo;HimmerWinco;1606;;0b171011fcc12b9e6fa68b1319b529dd;a66c243cc0cfded1185a7860dd87d3c6;;en
05539;11;0;2;11;0;0;0;0;11;11;0;0;0;0;0;0;0;0;0;0;0;0;11;0;0;0;22;24;0;0;0;0;0;0;0;0;0;0;0;0;0;0;0;0;0;0;0;0;0;0;0;0;0;0;0;0;0;0;0;0;0;0;0;0;0;0;0;0;0;0;0;0;0;0;0;0;0;0;0;0;0;0;0;0;0;0;0;0;0;0;0;0;0;0;0;0;0;0;0;0;0;0;0;0;0;0;0;0;0;0;13;0;0;0;0;0;0;0;0;0;0;0;0;0;0;0;0;0;0;81;81;交通工具总动员;himmerWinco;HimmerWinco;1429;;0e7dc34e7145b43e10d21f6dc8bf193e;8c9928a5d14dd4852c5002d3d9d693fe;;en
05541;2375;0;2;3636;0;0;0;0;1816;3636;0;0;0;0;0;0;0;0;0;0;0;0;4193;0;0;0;5452;7831;0;0;3638;0;0;0;0;0;0;0;0;0;0;0;0;0;0;0;0;0;0;0;0;0;0;0;0;0;0;0;0;0;0;0;0;0;0;0;0;0;0;0;0;0;0;0;0;0;0;0;0;0;0;0;0;0;0;0;0;0;0;0;0;0;0;0;0;0;0;0;0;0;0;0;0;0;0;0;0;0;0;0;0;0;0;0;0;0;0;0;0;0;0;0;0;0;0;0;0;0;0;1;1;Phonics Works 1;Joyous Publishing House;Patrick Ho;1263;;ef3527e6b906723e4b47e319129c84f9;7431b2a177f3a682f0d2cc47a2f2cde2;;en
05543;51;27;164;127;0;0;0;0;103;40;87;0;0;0;0;0;0;0;0;0;0;0;73;0;0;0;257;348;16;0;0;0;0;0;0;0;0;0;0;0;0;0;0;0;0;0;0;0;0;0;0;0;0;0;0;0;0;0;0;0;0;0;0;0;0;0;0;0;0;0;0;0;0;0;0;0;0;0;0;0;0;0;0;0;0;0;0;0;0;0;0;0;0;0;0;0;0;0;0;35;35;0;0;0;0;0;0;0;0;0;57;39;0;0;0;0;0;65;76;0;0;0;0;0;0;0;0;0;0;70;89;汉语2;HimmerWinco;HimmerWinco;1613;;1198d7452c41bd1eb60a6619af7b3fc6;de57770f5df628a6261b47886d20a5b8;;en
05544;104;47;334;270;0;0;0;0;195;60;209;0;0;3;0;0;0;0;0;0;0;0;168;0;0;0;514;727;45;0;0;0;0;0;0;0;0;0;0;3;0;0;0;0;0;0;0;0;0;0;0;0;0;0;0;0;0;0;0;0;0;0;0;0;0;0;0;0;0;0;0;0;0;0;0;0;0;0;0;0;0;0;0;0;0;0;0;0;0;0;0;0;0;0;0;0;0;0;0;88;98;0;0;0;0;0;0;0;0;0;86;54;0;0;0;0;0;156;162;0;0;0;0;0;0;0;0;1;0;10;98;汉语3;HimmerWinco;HimmerWinco;1614;;814172272757b53de8b4c5c19217ce7a;cd55abae518cb988a08c8b61dd91bd5b;;en
05545;46;20;147;167;0;0;0;0;117;62;105;0;0;0;0;0;0;0;0;0;0;0;93;0;0;0;304;393;14;0;0;0;0;0;0;0;0;0;0;0;0;0;0;0;0;0;0;0;0;0;0;0;0;0;0;0;0;0;0;0;0;0;0;0;0;0;0;0;0;0;0;0;0;0;0;0;0;0;0;0;0;0;0;0;0;0;0;0;0;0;0;0;0;0;0;0;0;0;0;21;21;0;0;0;0;0;0;0;0;0;108;50;0;0;0;0;0;64;64;0;0;0;0;0;0;0;0;0;0;70;89;汉语4;HimmerWinco;HimmerWinco;1615;;4aca62ef9728bc871981815e29b11bfb;f5ad0e1c9194867a22cf896ce754ad64;;en
05546;53;26;183;205;0;0;0;0;156;95;110;0;0;0;0;0;0;0;0;0;0;0;122;0;0;0;387;494;16;0;0;0;0;0;0;0;0;0;0;0;0;0;0;0;0;0;0;0;0;0;0;0;0;0;0;0;0;0;0;0;0;0;0;0;0;0;0;0;0;0;0;0;0;0;0;0;0;0;0;0;0;0;0;0;0;0;0;0;0;0;0;0;0;0;0;0;0;0;0;24;24;0;0;0;0;0;0;0;0;0;147;55;0;0;0;0;0;77;77;0;0;0;0;0;0;0;0;0;0;70;89;汉语5;HimmerWinco;HimmerWinco;1616;;ef87ad3f8930339b4544b69800b1ae47;3abac5d3cea34253e0c17897a73b5c66;;en
05547;29;12;83;136;0;0;0;0;85;54;82;0;0;0;0;0;0;0;0;0;0;0;63;0;0;0;233;282;0;0;0;0;0;0;0;0;0;0;0;0;0;0;0;0;0;0;0;0;0;0;0;0;0;0;0;0;0;0;0;0;0;0;0;0;0;0;0;0;0;0;0;0;0;0;0;0;0;0;0;0;0;0;0;0;0;0;0;0;0;0;0;0;0;0;0;0;0;0;0;0;0;0;0;0;0;0;0;0;0;0;95;46;0;0;0;0;0;39;39;0;0;0;0;0;0;0;0;0;0;81;89;汉语6;HimmerWinco;HimmerWinco;1617;;48de1e5926b3c21698b5149402af8ac7;ba4673e465acbac8f0097ab37631ab19;;en
05548;10;0;37;51;0;0;0;0;31;26;25;0;0;0;0;0;0;0;0;0;0;0;26;0;0;0;82;114;0;0;0;0;0;0;0;0;0;0;0;0;0;0;0;0;0;0;0;0;0;0;0;0;0;0;0;0;0;0;0;0;0;0;0;0;0;0;0;0;0;0;0;0;0;0;0;0;0;0;0;0;0;0;0;0;0;0;0;0;0;0;0;0;0;0;0;0;0;0;0;0;0;0;0;0;0;0;0;0;0;0;40;16;0;0;0;0;0;16;16;0;0;0;0;0;0;0;0;0;0;81;89;中文2;ting.com.hk;xxx;1607;;0044bca49a62805cc4511558a563f265;fea3ceccb0bca4608e290ed1b0b8b178;;en
05549;23;0;67;112;0;0;0;0;61;44;68;0;0;0;0;0;0;0;0;0;0;0;52;0;0;0;173;231;0;0;0;0;0;0;0;0;0;0;0;0;0;0;0;0;0;0;0;0;0;0;0;0;0;0;0;0;0;0;0;0;0;0;0;0;0;0;0;0;0;0;0;0;0;0;0;0;0;0;0;0;0;0;0;0;0;0;0;0;0;0;0;0;0;0;0;0;0;0;0;0;0;0;0;0;0;0;0;0;0;0;78;37;0;0;0;0;0;32;32;0;0;0;0;0;0;0;0;0;0;81;89;中文3;ting.com.hk;xxx;1608;;d7f740b74c19cf652d70e41f2a6bc764;a569e21786f74311afcace920646f581;;en
05550;18;9;57;85;0;0;0;0;58;42;43;0;0;0;0;0;0;0;0;0;0;0;42;0;0;0;152;184;0;0;0;0;0;0;0;0;0;0;0;0;0;0;0;0;0;0;0;0;0;0;0;0;0;0;0;0;0;0;0;0;0;0;0;0;0;0;0;0;0;0;0;0;0;0;0;0;0;0;0;0;0;0;0;0;0;0;0;0;0;0;0;0;0;0;0;0;0;0;0;0;0;0;0;0;0;0;0;0;0;0;65;27;0;0;0;0;0;25;25;0;0;0;0;0;0;0;0;0;0;81;89;中文4;ting.com.hk;xxxx;1609;;241e06ea39c77a6b2d78a54470b8eec0;3d564ca5573d66160a515e4aa0f7d26b;;en
05551;49;15;116;202;0;0;0;0;100;44;158;0;0;0;0;0;0;0;0;0;0;0;72;0;0;0;317;390;0;0;0;0;0;0;0;0;0;0;0;0;0;0;0;0;0;0;0;0;0;0;0;0;0;0;0;0;0;0;0;0;0;0;0;0;0;0;0;0;0;0;0;0;0;0;0;0;0;0;0;0;0;0;0;0;0;0;0;0;0;0;0;0;0;0;0;0;0;0;0;0;0;0;0;0;0;0;0;0;0;0;111;83;0;0;0;0;0;62;62;0;0;0;0;0;0;0;0;0;0;81;89;中文5;ting.com.hk;xxx;1610;;737495bdd80132b75032920f113f7aa6;25fd85052e45865129ad27aa34e076df;;en
05552;49;16;116;202;0;0;0;0;103;46;156;0;0;0;0;0;0;0;0;0;0;0;73;0;0;0;321;391;0;0;0;0;0;0;0;0;0;0;0;0;0;0;0;0;0;0;0;0;0;0;0;0;0;0;0;0;0;0;0;0;0;0;0;0;0;0;0;0;0;0;0;0;0;0;0;0;0;0;0;0;0;0;0;0;0;0;0;0;0;0;0;0;0;0;0;0;0;0;0;0;0;0;0;0;0;0;0;0;0;0;111;81;0;0;0;0;0;63;63;0;0;0;0;0;0;0;0;0;0;81;89;中文6;ting.com.hk;xxx;1611;;dc95100db9af78bf7a55b6fb1533b83e;6e0dd1397233a5a9809b723c48af241c;;en
05560;15;6;15;27;0;0;0;0;0;3;24;0;0;0;0;0;0;0;0;0;0;0;15;0;0;0;33;57;0;0;0;0;0;0;0;0;0;0;0;0;0;0;0;0;0;0;0;0;0;0;0;0;0;0;0;0;0;0;0;0;0;0;0;0;0;0;0;0;0;0;0;0;0;0;0;0;0;0;0;0;0;0;0;0;0;0;0;0;0;0;0;0;0;0;0;0;0;0;0;0;0;0;0;0;0;0;0;0;0;0;0;0;0;0;0;0;0;18;24;0;0;0;0;0;0;0;0;0;0;88;89;小蟋蟀格里格里系列绘本;出版社：科學普及出版社;出版社：科學普及出版社;1583;;bd3cd430d87f94cd244fcf5ee76124e0;1672542ad1dbaa2b7cab70df07b76985;;en
05561;2;1;6;8;0;0;0;0;4;3;5;0;0;0;0;0;0;0;0;0;0;0;3;0;0;0;13;17;0;0;0;0;0;0;0;0;0;0;0;0;0;0;0;0;0;0;0;0;0;0;0;0;0;0;0;0;0;0;0;0;0;0;0;0;0;0;0;0;0;0;0;0;0;0;0;0;0;0;0;0;0;0;0;0;0;0;0;0;0;0;0;0;0;0;0;0;0;0;0;0;0;0;0;0;0;0;0;0;0;0;5;3;0;0;0;0;0;3;3;0;0;0;0;0;0;0;0;0;0;81;89;婉达•盖格心灵成长绘本系列;出版社：北京創智明輝文化發展有限公司;出版社：北京創智明輝文化發展有限公司;1619;;a2c5f6fa80e9c9c2ee61d82429b66f40;d2d2fb9a083ffe246b62db4bdf6c79f3;;en
05562;27;14;97;124;0;0;0;0;86;59;65;0;0;0;0;0;0;0;0;0;0;0;52;0;0;0;224;273;0;0;0;0;0;0;0;0;0;0;0;0;0;0;0;0;0;0;0;0;0;0;0;0;0;0;0;0;0;0;0;0;0;0;0;0;0;0;0;0;0;0;0;0;0;0;0;0;0;0;0;0;0;0;0;0;0;0;0;0;0;0;0;0;0;0;0;0;0;0;0;0;0;0;0;0;0;0;0;0;0;0;96;47;0;0;0;0;0;39;39;0;0;0;0;0;0;0;0;0;0;81;89;;出版社：黑龍江少年兒童出版社;出版社：黑龍江少年兒童出版社;1580;;9e6b0d9e18cfecfea645f3ebed01d107;d8072de8a87108b4c6db1dfb723a410a;;en
05575;2375;0;2;3636;0;0;0;0;1816;3636;0;0;0;0;0;0;0;0;0;0;0;0;4193;0;0;0;5452;7831;0;0;3638;0;0;0;0;0;0;0;0;0;0;0;0;0;0;0;0;0;0;0;0;0;0;0;0;0;0;0;0;0;0;0;0;0;0;0;0;0;0;0;0;0;0;0;0;0;0;0;0;0;0;0;0;0;0;0;0;0;0;0;0;0;0;0;0;0;0;0;0;0;0;0;0;0;0;0;0;0;0;0;0;0;0;0;0;0;0;0;0;0;0;0;0;0;0;0;0;0;0;1;1;Stewards Pooi Yan Kindergarten;HimmerWinco;Patrick Ho;1622;;d77ea4cefa9e0a1bae19939745d2fa21;f4c64712c71f905ec59aab8eaba56188;;en
05579;93;12;81;154;0;0;0;0;47;136;0;0;0;18;0;20;0;0;0;0;0;0;93;0;0;0;213;348;0;0;51;40;40;34;36;54;0;0;0;0;0;0;0;0;0;0;0;0;0;0;0;0;0;0;0;0;0;0;0;0;0;0;0;0;0;0;0;0;0;0;0;0;0;0;0;0;0;0;0;0;0;0;0;0;0;0;0;0;0;0;0;0;0;0;0;0;0;0;0;0;0;0;0;0;0;0;0;0;0;0;0;0;0;0;0;0;0;0;0;0;0;0;0;0;0;0;0;0;0;1;6;Test Patrick Ho;ting.com.hk;Patrick Ho;1563;;cd128b0ea6addf5234e169c88f25b98d;90171278513007a7eb7b37b01768c440;;en
05599;90;0;5;425;0;0;0;0;425;425;0;0;0;0;0;0;0;0;0;0;0;0;430;0;0;0;850;860;0;0;430;0;0;0;0;0;0;0;0;0;0;0;0;0;0;0;0;0;0;0;0;0;0;0;0;0;0;0;0;0;0;0;0;0;0;0;0;0;0;0;0;0;0;0;0;0;0;0;0;0;0;0;0;0;0;0;0;0;0;0;0;0;0;0;0;0;0;0;0;0;0;0;0;0;0;0;0;0;0;0;0;0;0;0;0;0;0;0;0;0;0;0;0;0;0;0;0;0;0;1;1;Hong Kong Christian Service Happy Chinese Lea;Hong Kong Christian Service/SCOLAR;Hong Kong Christian Service/SCOLAR;1639;;af314499f4a98abe3dc5de5e8c1a1008;2802c11e16529188a63c2c13aed5c431;;en
